{
  "_fv": 79,
  "_type": "enchantment",
  "definition": {
    "name": "Explosive",
    "supportedSlots": "mainhand",
    "weight": 10,
    "anvilCost": 1,
    "maxLevel": 4,
    "damageModifier": 0,
    "incompatibleEnchantments": [
      {
        "value": "WIND_BURST"
      }
    ],
    "supportedItems": [
      {
        "value": "Items.SHIELD"
      },
      {
        "value": "CUSTOM:Stupidsword"
      },
      {
        "value": "CUSTOM:Redstonesword"
      },
      {
        "value": "Items.NETHERITE_SWORD"
      },
      {
        "value": "CUSTOM:Omegabownarrow"
      }
    ],
    "isTreasureEnchantment": false,
    "isCurse": false,
    "canGenerateInLootTables": true,
    "canVillagerTrade": true
  }
}