{
  "_fv": 79,
  "_type": "potioneffect",
  "definition": {
    "effectName": "Fire",
    "icon": "fire_effect",
    "color": {
      "value": -3394816,
      "falpha": 0.0
    },
    "onAddedSound": {
      "value": "entity.warden.listening_angry"
    },
    "isInstant": false,
    "mobEffectCategory": "HARMFUL",
    "renderStatusInInventory": true,
    "renderStatusInHUD": true,
    "isCuredbyHoney": false,
    "modifiers": [],
    "onActiveTick": {
      "name": "FireOnEffectActiveTick"
    }
  }
}