{
  "_fv": 79,
  "_type": "procedure",
  "definition": {
    "procedurexml": "<xml xmlns=\"https://developers.google.com/blockly/xml\"><block type=\"event_trigger\" deletable=\"false\" x=\"40\" y=\"40\"><field name=\"trigger\">entity_blocks</field><next><block type=\"controls_if\"><value name=\"IF0\"><block type=\"itemstack_has_enchantment\"><field name=\"enhancement\">CUSTOM:Reflect</field><value name=\"item\"><block type=\"entity_iteminoffhand\"><value name=\"entity\"><block type=\"entity_from_deps\"></block></value></block></value></block></value><statement name=\"DO0\"><block type=\"deal_damage\"><value name=\"amount\"><block type=\"math_dual_ops\"><field name=\"OP\">MULTIPLY</field><value name=\"A\"><block type=\"custom_dependency_number\"><field name=\"NAME\">blockedamount</field></block></value><value name=\"B\"><block type=\"math_number\"><field name=\"NUM\">200</field></block></value></block></value><value name=\"entity\"><block type=\"source_entity_from_deps\"></block></value><value name=\"damagesource\"><block type=\"damagesource_from_type\"><field name=\"damagetype\">GENERIC</field></block></value><next><block type=\"play_sound\"><field name=\"sound\">entity.warden.attack_impact</field><field name=\"soundcategory\">player</field><value name=\"x\"><block type=\"coord_x\"></block></value><value name=\"y\"><block type=\"coord_y\"></block></value><value name=\"z\"><block type=\"coord_z\"></block></value><value name=\"level\"><block type=\"math_number\"><field name=\"NUM\">1</field></block></value><value name=\"pitch\"><block type=\"math_number\"><field name=\"NUM\">1</field></block></value><next><block type=\"item_damage\"><value name=\"amount\"><block type=\"math_dual_ops\"><field name=\"OP\">MULTIPLY</field><value name=\"A\"><block type=\"custom_dependency_number\"><field name=\"NAME\">blockedamount</field></block></value><value name=\"B\"><block type=\"math_number\"><field name=\"NUM\">-200</field></block></value></block></value><value name=\"item\"><block type=\"entity_iteminoffhand\"><value name=\"entity\"><block type=\"entity_from_deps\"></block></value></block></value></block></next></block></next></block></statement></block></next></block></xml>",
    "skipDependencyNullCheck": false
  }
}