{
  "_fv": 79,
  "_type": "livingentity",
  "definition": {
    "mobName": "landmine",
    "mobLabel": "",
    "mobModelName": "Creeper",
    "mobModelTexture": "creeper.png",
    "transparentModelCondition": {
      "fixedValue": false
    },
    "isShakingCondition": {
      "fixedValue": false
    },
    "solidBoundingBox": {
      "fixedValue": false
    },
    "visualScale": {
      "fixedValue": 1.0
    },
    "boundingBoxScale": {
      "fixedValue": 1.0
    },
    "modelLayers": [],
    "animations": [
      {
        "animation": {
          "value": "WARDEN_EMERGE"
        },
        "speed": 1.0,
        "walking": false,
        "amplitude": 1.0
      },
      {
        "animation": {
          "value": "WARDEN_ATTACK"
        },
        "speed": 1.0,
        "walking": false,
        "amplitude": 1.0
      },
      {
        "animation": {
          "value": "WARDEN_DIG"
        },
        "speed": 1.0,
        "walking": false,
        "amplitude": 1.0
      },
      {
        "animation": {
          "value": "WARDEN_ROAR"
        },
        "speed": 1.0,
        "walking": false,
        "amplitude": 1.0
      },
      {
        "animation": {
          "value": "WARDEN_SNIFF"
        },
        "speed": 1.0,
        "walking": false,
        "amplitude": 1.0
      },
      {
        "animation": {
          "value": "WARDEN_SONIC_BOOM"
        },
        "speed": 1.0,
        "walking": false,
        "amplitude": 1.0
      }
    ],
    "modelWidth": 0.6,
    "modelHeight": 1.7,
    "modelShadowSize": 10.0,
    "mountedYOffset": 100.0,
    "hasSpawnEgg": true,
    "spawnEggBaseColor": {
      "value": -1,
      "falpha": 0.0
    },
    "spawnEggDotColor": {
      "value": -1,
      "falpha": 0.0
    },
    "creativeTabs": [
      {
        "value": "MISC"
      }
    ],
    "isBoss": true,
    "bossBarColor": "RED",
    "bossBarType": "NOTCHED_20",
    "equipmentMainHand": {
      "value": ""
    },
    "equipmentOffHand": {
      "value": ""
    },
    "equipmentHelmet": {
      "value": ""
    },
    "equipmentBody": {
      "value": ""
    },
    "equipmentLeggings": {
      "value": ""
    },
    "equipmentBoots": {
      "value": ""
    },
    "mobBehaviourType": "Creature",
    "mobCreatureType": "UNDEAD",
    "attackStrength": 100,
    "attackKnockback": 100.0,
    "knockbackResistance": 100.0,
    "movementSpeed": 12.0,
    "stepHeight": 1.3,
    "armorBaseValue": 100.0,
    "trackingRange": 100,
    "followRange": 100,
    "health": 10,
    "xpAmount": 0,
    "waterMob": false,
    "breatheUnderwater": {
      "fixedValue": false
    },
    "pushedByFluids": {
      "fixedValue": true
    },
    "flyingMob": false,
    "inventorySize": 9,
    "inventoryStackSize": 99,
    "disableCollisions": false,
    "ridable": false,
    "canControlForward": false,
    "canControlStrafe": false,
    "immuneToFire": true,
    "immuneToArrows": true,
    "immuneToFallDamage": true,
    "immuneToCactus": true,
    "immuneToDrowning": true,
    "immuneToLightning": true,
    "immuneToPotions": true,
    "immuneToPlayer": false,
    "immuneToExplosion": false,
    "immuneToTrident": true,
    "immuneToAnvil": true,
    "immuneToWither": true,
    "immuneToDragonBreath": true,
    "mobDrop": {
      "value": "CUSTOM:Stupidsword"
    },
    "livingSound": {
      "value": "entity.creeper.primed"
    },
    "hurtSound": {
      "value": "entity.generic.hurt"
    },
    "deathSound": {
      "value": "entity.generic.death"
    },
    "stepSound": {
      "value": "entity.creeper.hurt"
    },
    "raidCelebrationSound": {
      "value": ""
    },
    "entityDataEntries": [],
    "whenMobDies": {
      "name": "Nuke"
    },
    "hasAI": true,
    "aiBase": "(none)",
    "aixml": "<xml xmlns=\"https://developers.google.com/blockly/xml\"><block type=\"aitasks_container\" deletable=\"false\" x=\"40\" y=\"40\"><next><block type=\"attack_on_collide\"><field name=\"speed\">1.2</field><field name=\"longmemory\">FALSE</field><field name=\"condition\">null,null</field><next><block type=\"doors_break\"><field name=\"condition\">null,null</field><next><block type=\"wander\"><field name=\"speed\">1</field><field name=\"condition\">null,null</field><next><block type=\"attack_action\"><field name=\"callhelp\">TRUE</field><field name=\"condition\">null,null</field><next><block type=\"look_around\"><field name=\"condition\">null,null</field><next><block type=\"swim_in_water\"><field name=\"condition\">null,null</field><next><block type=\"attack_entity\"><field name=\"insight\">TRUE</field><field name=\"nearby\">TRUE</field><field name=\"entity\">EntityMob</field><field name=\"condition\">null,null</field><next><block type=\"doors_open\"><field name=\"condition\">null,null</field><next><block type=\"move_indoors\"><field name=\"condition\">null,null</field></block></next></block></next></block></next></block></next></block></next></block></next></block></next></block></next></block></next></block></xml>",
    "breedable": false,
    "tameable": false,
    "breedTriggerItems": [],
    "ranged": false,
    "rangedAttackItem": {
      "value": ""
    },
    "rangedItemType": "Default item",
    "rangedAttackInterval": 20,
    "rangedAttackRadius": 10.0,
    "spawnThisMob": true,
    "doesDespawnWhenIdle": true,
    "spawningProbability": 20,
    "mobSpawningType": "monster",
    "minNumberOfMobsPerGroup": 4,
    "maxNumberOfMobsPerGroup": 5,
    "restrictionBiomes": [
      {
        "value": "deep_dark"
      }
    ],
    "spawnInDungeons": false,
    "raidSpawnsCount": [
      4,
      3,
      3,
      4,
      4,
      4,
      2
    ],
    "sensitiveToVibration": false,
    "vibrationalEvents": [],
    "vibrationSensitivityRadius": {
      "fixedValue": 7.0
    }
  }
}