{
  "_fv": 79,
  "_type": "biome",
  "definition": {
    "name": "Zombify",
    "groundBlock": {
      "value": "Blocks.GRASS"
    },
    "undergroundBlock": {
      "value": "Blocks.DIRT#0"
    },
    "underwaterBlock": {
      "value": "Blocks.GRAVEL"
    },
    "fogColor": {
      "value": -16751053,
      "falpha": 0.0
    },
    "grassColor": {
      "value": -16751053,
      "falpha": 0.0
    },
    "foliageColor": {
      "value": -16751053,
      "falpha": 0.0
    },
    "waterColor": {
      "value": -16751053,
      "falpha": 0.0
    },
    "waterFogColor": {
      "value": -16751053,
      "falpha": 0.0
    },
    "ambientSound": {
      "value": "entity.warden.heartbeat"
    },
    "additionsSound": {
      "value": "entity.warden.listening_angry"
    },
    "music": {
      "value": "entity.warden.emerge"
    },
    "moodSound": {
      "value": "entity.warden.attack_impact"
    },
    "moodSoundDelay": 6000,
    "spawnParticles": true,
    "particleToSpawn": {
      "value": "ASH"
    },
    "particlesProbability": 0.5,
    "rainingPossibility": 0.5,
    "temperature": 0.5,
    "spawnBiome": true,
    "spawnInCaves": false,
    "spawnBiomeNether": true,
    "genTemperature": {
      "min": -0.5,
      "max": 0.0
    },
    "genHumidity": {
      "min": -0.5023,
      "max": 0.5
    },
    "genContinentalness": {
      "min": 0.3,
      "max": 1.0
    },
    "genErosion": {
      "min": -0.5,
      "max": 0.5
    },
    "genWeirdness": {
      "min": -1.0,
      "max": 0.0
    },
    "treesPerChunk": 200,
    "vanillaTreeType": "Big trees",
    "treeType": 1,
    "minHeight": 32,
    "treeStem": {
      "value": "Blocks.SLIME_BLOCK"
    },
    "treeBranch": {
      "value": "Blocks.DEEPSLATE_EMERALD_ORE"
    },
    "treeVines": {
      "value": "Blocks.SAPLING#2"
    },
    "treeFruits": {
      "value": "CUSTOM:Omeganuke"
    },
    "defaultFeatures": [
      "Caves",
      "Ores",
      "FrozenTopLayer",
      "MonsterRooms"
    ],
    "spawnStronghold": true,
    "spawnMineshaft": true,
    "spawnMineshaftMesa": true,
    "spawnPillagerOutpost": true,
    "villageType": "plains",
    "spawnWoodlandMansion": true,
    "spawnJungleTemple": true,
    "spawnDesertPyramid": true,
    "spawnSwampHut": true,
    "spawnIgloo": true,
    "spawnOceanMonument": true,
    "spawnShipwreck": true,
    "spawnShipwreckBeached": true,
    "spawnBuriedTreasure": true,
    "oceanRuinType": "WARM",
    "spawnNetherBridge": true,
    "spawnNetherFossil": true,
    "spawnBastionRemnant": true,
    "spawnEndCity": true,
    "spawnRuinedPortal": "NETHER",
    "spawnEntries": [
      {
        "entity": {
          "value": "EntityDrowned"
        },
        "minGroup": 100,
        "maxGroup": 101,
        "weight": 20,
        "spawnType": "monster"
      },
      {
        "entity": {
          "value": "EntityGiantZombie"
        },
        "minGroup": 20,
        "maxGroup": 21,
        "weight": 20,
        "spawnType": "monster"
      },
      {
        "entity": {
          "value": "EntityZombieVillager"
        },
        "minGroup": 50,
        "maxGroup": 51,
        "weight": 20,
        "spawnType": "monster"
      },
      {
        "entity": {
          "value": "CUSTOM:Soldier"
        },
        "minGroup": 18,
        "maxGroup": 200,
        "weight": 20,
        "spawnType": "monster"
      },
      {
        "entity": {
          "value": "EntityPillager"
        },
        "minGroup": 200,
        "maxGroup": 400,
        "weight": 20,
        "spawnType": "monster"
      },
      {
        "entity": {
          "value": "EntityWarden"
        },
        "minGroup": 200,
        "maxGroup": 201,
        "weight": 20,
        "spawnType": "monster"
      }
    ]
  }
}