{
  "_fv": 79,
  "_type": "dimension",
  "definition": {
    "biomesInDimension": [
      {
        "value": "deep_frozen_ocean"
      }
    ],
    "worldGenType": "Normal world gen",
    "mainFillerBlock": {
      "value": "Blocks.WATER"
    },
    "fluidBlock": {
      "value": "Blocks.CONCRETE#9"
    },
    "seaLevel": 59,
    "generateOreVeins": true,
    "generateAquifers": true,
    "horizontalNoiseSize": 1,
    "verticalNoiseSize": 2,
    "defaultEffects": "overworld",
    "useCustomEffects": true,
    "hasClouds": true,
    "cloudHeight": 192.0,
    "skyType": "END",
    "sunHeightAffectsFog": false,
    "canRespawnHere": true,
    "hasFog": false,
    "ambientLight": 0.0,
    "doesWaterVaporize": true,
    "hasFixedTime": true,
    "fixedTimeValue": 1000,
    "coordinateScale": 1.0,
    "infiniburnTag": "minecraft:infiniburn_overworld",
    "bedWorks": true,
    "hasSkyLight": false,
    "imitateOverworldBehaviour": false,
    "piglinSafe": false,
    "hasRaids": false,
    "minMonsterSpawnLightLimit": 15,
    "maxMonsterSpawnLightLimit": 15,
    "monsterSpawnBlockLightLimit": 15,
    "portalFrame": {
      "value": "Blocks.WARPED_HYPHAE"
    },
    "portalParticles": {
      "value": "POOF"
    },
    "portalLuminance": 15,
    "portalSound": {
      "value": "block.portal.ambient"
    },
    "enableIgniter": true,
    "igniterName": "Aque Portal Igniter",
    "igniterRarity": "RARE",
    "specialInformation": {
      "fixedValue": []
    },
    "creativeTabs": [
      {
        "value": "TOOLS"
      }
    ],
    "texture": "minecraft:seagrass",
    "portalTexture": "sapphire",
    "enablePortal": true
  }
}