{
  "_fv": 79,
  "_type": "biome",
  "definition": {
    "name": "Rich",
    "groundBlock": {
      "value": "CUSTOM:Sapphire"
    },
    "undergroundBlock": {
      "value": "CUSTOM:Tntmp"
    },
    "underwaterBlock": {
      "value": "CUSTOM:Slip"
    },
    "airColor": {
      "value": -3342388,
      "falpha": 0.0
    },
    "fogColor": {
      "value": -16777216,
      "falpha": 0.0
    },
    "grassColor": {
      "value": -16776961,
      "falpha": 0.0
    },
    "waterColor": {
      "value": -65536,
      "falpha": 0.0
    },
    "waterFogColor": {
      "value": -10092544,
      "falpha": 0.0
    },
    "ambientSound": {
      "value": "ambient.cave"
    },
    "additionsSound": {
      "value": "ambient.soul_sand_valley.mood"
    },
    "music": {
      "value": "ambient.crimson_forest.mood"
    },
    "moodSound": {
      "value": "ambient.nether_wastes.additions"
    },
    "moodSoundDelay": 6000,
    "spawnParticles": true,
    "particleToSpawn": {
      "value": "DRAGON_BREATH"
    },
    "particlesProbability": 0.5,
    "rainingPossibility": 0.5,
    "temperature": 0.5,
    "spawnBiome": true,
    "spawnInCaves": false,
    "spawnBiomeNether": false,
    "genTemperature": {
      "min": -2.0,
      "max": 2.0
    },
    "genHumidity": {
      "min": -2.0,
      "max": 2.0
    },
    "genContinentalness": {
      "min": -2.0,
      "max": 2.0
    },
    "genErosion": {
      "min": -2.0,
      "max": 2.0
    },
    "genWeirdness": {
      "min": -2.0,
      "max": 2.0
    },
    "treesPerChunk": 1,
    "vanillaTreeType": "Big trees",
    "treeType": 1,
    "minHeight": 7,
    "treeStem": {
      "value": "Blocks.LAVA"
    },
    "treeBranch": {
      "value": "CUSTOM:Richmoney"
    },
    "treeVines": {
      "value": "Blocks.WARPED_STEM"
    },
    "treeFruits": {
      "value": "Blocks.SMALL_AMETHYST_BUD"
    },
    "defaultFeatures": [
      "Caves",
      "Ores",
      "FrozenTopLayer"
    ],
    "spawnStronghold": true,
    "spawnMineshaft": true,
    "spawnMineshaftMesa": true,
    "spawnPillagerOutpost": true,
    "villageType": "plains",
    "spawnWoodlandMansion": true,
    "spawnJungleTemple": true,
    "spawnDesertPyramid": true,
    "spawnSwampHut": true,
    "spawnIgloo": true,
    "spawnOceanMonument": true,
    "spawnShipwreck": true,
    "spawnShipwreckBeached": true,
    "spawnBuriedTreasure": true,
    "oceanRuinType": "COLD",
    "spawnNetherBridge": true,
    "spawnNetherFossil": true,
    "spawnBastionRemnant": true,
    "spawnEndCity": true,
    "spawnRuinedPortal": "STANDARD",
    "spawnEntries": [
      {
        "entity": {
          "value": "EntityFox"
        },
        "minGroup": 69,
        "maxGroup": 69,
        "weight": 50,
        "spawnType": "creature"
      }
    ]
  }
}