{
  "description": {
    "translate": "enchantment.josiah.brostop"
  },
  "supported_items": "minecraft:warped_fungus_on_a_stick",
  "weight": 20,
  "max_level": 100,
  "min_cost": {
    "base": 1,
    "per_level_above_first": 10
  },
  "max_cost": {
    "base": 6,
    "per_level_above_first": 10
  },
  "anvil_cost": 67,
  "slots": [
    "any"
  ],
  "exclusive_set": [],
  "effects": {
    "minecraft:damage_protection": [
      {
        "effect": {
          "type": "minecraft:add",
          "value": {
            "type": "minecraft:linear",
            "base": 69,
            "per_level_above_first": 69
          }
        }
      }
    ]
  }
}