{
	"format_version": "1.21.6",
	"credit": "Made with Blockbench",
	"texture_size": [32, 32],
	"textures": {
		"0": "block/texture",
		"particle": "block/texture"
	},
	"elements": [
		{
			"from": [6, 0, 6],
			"to": [10, 2, 10],
			"rotation": {"angle": 0, "axis": "y", "origin": [7, 0, 7]},
			"faces": {
				"north": {"uv": [9, 4, 11, 5], "texture": "#0"},
				"east": {"uv": [9, 5, 11, 6], "texture": "#0"},
				"south": {"uv": [9, 6, 11, 7], "texture": "#0"},
				"west": {"uv": [9, 7, 11, 8], "texture": "#0"},
				"up": {"uv": [11, 2, 9, 0], "texture": "#0"},
				"down": {"uv": [11, 2, 9, 4], "texture": "#0"}
			}
		},
		{
			"from": [7, 2, 7],
			"to": [9, 5, 9],
			"rotation": {"angle": 0, "axis": "y", "origin": [7, 2, 7]},
			"faces": {
				"north": {"uv": [9, 8, 10, 9.5], "texture": "#0"},
				"east": {"uv": [9, 9.5, 10, 11], "texture": "#0"},
				"south": {"uv": [10, 8, 11, 9.5], "texture": "#0"},
				"west": {"uv": [10, 9.5, 11, 11], "texture": "#0"},
				"up": {"uv": [12, 5, 11, 4], "texture": "#0"},
				"down": {"uv": [6, 11, 5, 12], "texture": "#0"}
			}
		},
		{
			"from": [5, 5, 5],
			"to": [11, 21, 11],
			"rotation": {"angle": 0, "axis": "y", "origin": [7, 5, 7]},
			"faces": {
				"north": {"uv": [0, 0, 3, 8], "texture": "#0"},
				"east": {"uv": [3, 0, 6, 8], "texture": "#0"},
				"south": {"uv": [6, 0, 9, 8], "texture": "#0"},
				"west": {"uv": [0, 8, 3, 16], "texture": "#0"},
				"up": {"uv": [6, 11, 3, 8], "texture": "#0"},
				"down": {"uv": [9, 8, 6, 11], "texture": "#0"}
			}
		},
		{
			"from": [3, 10, 5],
			"to": [5, 12, 7],
			"rotation": {"angle": 0, "axis": "y", "origin": [3, 10, 5]},
			"faces": {
				"north": {"uv": [11, 5, 12, 6], "texture": "#0"},
				"east": {"uv": [6, 11, 7, 12], "texture": "#0"},
				"south": {"uv": [11, 6, 12, 7], "texture": "#0"},
				"west": {"uv": [7, 11, 8, 12], "texture": "#0"},
				"up": {"uv": [12, 8, 11, 7], "texture": "#0"},
				"down": {"uv": [9, 11, 8, 12], "texture": "#0"}
			}
		},
		{
			"from": [8, 16, 3],
			"to": [10, 18, 5],
			"rotation": {"angle": 0, "axis": "y", "origin": [8, 16, 3]},
			"faces": {
				"north": {"uv": [11, 8, 12, 9], "texture": "#0"},
				"east": {"uv": [9, 11, 10, 12], "texture": "#0"},
				"south": {"uv": [11, 9, 12, 10], "texture": "#0"},
				"west": {"uv": [10, 11, 11, 12], "texture": "#0"},
				"up": {"uv": [12, 11, 11, 10], "texture": "#0"},
				"down": {"uv": [12, 11, 11, 12], "texture": "#0"}
			}
		},
		{
			"from": [6, 9, 3],
			"to": [8, 11, 5],
			"rotation": {"angle": 0, "axis": "y", "origin": [6, 9, 3]},
			"faces": {
				"north": {"uv": [12, 0, 13, 1], "texture": "#0"},
				"east": {"uv": [12, 1, 13, 2], "texture": "#0"},
				"south": {"uv": [12, 2, 13, 3], "texture": "#0"},
				"west": {"uv": [3, 12, 4, 13], "texture": "#0"},
				"up": {"uv": [13, 4, 12, 3], "texture": "#0"},
				"down": {"uv": [5, 12, 4, 13], "texture": "#0"}
			}
		},
		{
			"from": [3, 16, 9],
			"to": [5, 18, 11],
			"rotation": {"angle": 0, "axis": "y", "origin": [3, 16, 9]},
			"faces": {
				"north": {"uv": [12, 4, 13, 5], "texture": "#0"},
				"east": {"uv": [5, 12, 6, 13], "texture": "#0"},
				"south": {"uv": [12, 5, 13, 6], "texture": "#0"},
				"west": {"uv": [6, 12, 7, 13], "texture": "#0"},
				"up": {"uv": [13, 7, 12, 6], "texture": "#0"},
				"down": {"uv": [8, 12, 7, 13], "texture": "#0"}
			}
		},
		{
			"from": [6, 16, 11],
			"to": [8, 18, 13],
			"rotation": {"angle": 0, "axis": "y", "origin": [6, 16, 11]},
			"faces": {
				"north": {"uv": [12, 7, 13, 8], "texture": "#0"},
				"east": {"uv": [8, 12, 9, 13], "texture": "#0"},
				"south": {"uv": [12, 8, 13, 9], "texture": "#0"},
				"west": {"uv": [9, 12, 10, 13], "texture": "#0"},
				"up": {"uv": [13, 10, 12, 9], "texture": "#0"},
				"down": {"uv": [11, 12, 10, 13], "texture": "#0"}
			}
		},
		{
			"from": [8, 8, 11],
			"to": [10, 10, 13],
			"rotation": {"angle": 0, "axis": "y", "origin": [8, 8, 11]},
			"faces": {
				"north": {"uv": [12, 10, 13, 11], "texture": "#0"},
				"east": {"uv": [11, 12, 12, 13], "texture": "#0"},
				"south": {"uv": [12, 11, 13, 12], "texture": "#0"},
				"west": {"uv": [12, 12, 13, 13], "texture": "#0"},
				"up": {"uv": [14, 1, 13, 0], "texture": "#0"},
				"down": {"uv": [14, 1, 13, 2], "texture": "#0"}
			}
		},
		{
			"from": [11, 14, 7],
			"to": [13, 16, 9],
			"rotation": {"angle": 0, "axis": "y", "origin": [11, 14, 7]},
			"faces": {
				"north": {"uv": [13, 2, 14, 3], "texture": "#0"},
				"east": {"uv": [3, 13, 4, 14], "texture": "#0"},
				"south": {"uv": [13, 3, 14, 4], "texture": "#0"},
				"west": {"uv": [4, 13, 5, 14], "texture": "#0"},
				"up": {"uv": [14, 5, 13, 4], "texture": "#0"},
				"down": {"uv": [6, 13, 5, 14], "texture": "#0"}
			}
		},
		{
			"from": [11, 8, 8],
			"to": [13, 10, 10],
			"rotation": {"angle": 0, "axis": "y", "origin": [11, 8, 8]},
			"faces": {
				"north": {"uv": [13, 5, 14, 6], "texture": "#0"},
				"east": {"uv": [6, 13, 7, 14], "texture": "#0"},
				"south": {"uv": [13, 6, 14, 7], "texture": "#0"},
				"west": {"uv": [7, 13, 8, 14], "texture": "#0"},
				"up": {"uv": [14, 8, 13, 7], "texture": "#0"},
				"down": {"uv": [9, 13, 8, 14], "texture": "#0"}
			}
		},
		{
			"from": [7, 21, 6],
			"to": [9, 23, 8],
			"rotation": {"angle": 0, "axis": "y", "origin": [7, 21, 6]},
			"faces": {
				"north": {"uv": [11, 0, 12, 1], "texture": "#0"},
				"east": {"uv": [11, 1, 12, 2], "texture": "#0"},
				"south": {"uv": [11, 2, 12, 3], "texture": "#0"},
				"west": {"uv": [3, 11, 4, 12], "texture": "#0"},
				"up": {"uv": [12, 4, 11, 3], "texture": "#0"},
				"down": {"uv": [5, 11, 4, 12], "texture": "#0"}
			}
		}
	],
	"display": {
		"thirdperson_righthand": {
			"translation": [0, 3, 3]
		},
		"thirdperson_lefthand": {
			"translation": [0, 3.5, 1.25]
		},
		"firstperson_righthand": {
			"translation": [-1.5, 1, 0]
		},
		"firstperson_lefthand": {
			"translation": [-1.5, 1, 0]
		},
		"ground": {
			"translation": [0, 5.25, 0]
		},
		"gui": {
			"rotation": [0, 0, -42.5],
			"translation": [-3, -2.5, 0]
		},
		"fixed": {
			"rotation": [-1.06, 1.06, 45],
			"translation": [1.75, -2.25, 0]
		}
	}
}