{
  "description": {
    "translate": "enchantment.crosby.hgdhfgfhgrfrd"
  },
  "supported_items": [
    "crosby:pencil",
    "minecraft:diamond_hoe",
    "minecraft:diamond_block",
    "crosby:moooos",
    "crosby:tntmouse",
    "crosby:soooom",
    "minecraft:oak_button",
    "minecraft:acacia_button",
    "minecraft:wheat",
    "minecraft:arms_up_pottery_sherd"
  ],
  "weight": 58,
  "max_level": 158,
  "min_cost": {
    "base": 1,
    "per_level_above_first": 10
  },
  "max_cost": {
    "base": 6,
    "per_level_above_first": 10
  },
  "anvil_cost": 300,
  "slots": [
    "any"
  ],
  "exclusive_set": []
}