{
  "type": "minecraft:random_patch",
  "config": {
    "tries": 73,
    "feature": {
      "feature": {
        "type": "minecraft:block_column",
        "config": {
          "allowed_placement": {
            "type": "minecraft:matching_blocks",
            "blocks": "minecraft:air"
          },
          "direction": "up",
          "layers": [
            {
              "height": {
                "type": "minecraft:biased_to_bottom",
                "min_inclusive": 2,
                "max_inclusive": 4
              },
              "provider": {
                "type": "minecraft:simple_state_provider",
                "state": {
                  "Name": "lev_:moo_ngrass"
                }
              }
            }
          ],
          "prioritize_tip": false
        }
      },
      "placement": [
        {
          "type": "minecraft:block_predicate_filter",
          "predicate": {
            "type": "minecraft:all_of",
            "predicates": [
              {
                "type": "minecraft:matching_blocks",
                "blocks": "minecraft:air"
              },
              {
                "type": "minecraft:would_survive",
                "state": {
                  "Name": "lev_:moo_ngrass"
                }
              }
            ]
          }
        }
      ]
    }
  }
}