{
  "feature": "lev_:moo_ngrass",
  "placement": [
    {
      "type": "minecraft:count",
      "count": 14
    },
    {
      "type": "minecraft:rarity_filter",
      "chance": 32
    },
    {
      "type": "minecraft:in_square"
    },
    {
      "type": "minecraft:height_range",
      "height": {
        "type": "minecraft:uniform",
        "min_inclusive": {
          "above_bottom": 0
        },
        "max_inclusive": {
          "below_top": 0
        }
      }
    },
    {
      "type": "minecraft:biome"
    }
  ]
}