{
  "_fv": 79,
  "_type": "procedure",
  "definition": {
    "procedurexml": "<xml xmlns=\"https://developers.google.com/blockly/xml\"><block type=\"event_trigger\" deletable=\"false\" x=\"40\" y=\"40\"><field name=\"trigger\">no_ext_trigger</field><next><block type=\"entity_maketamed\"><value name=\"entity\"><block type=\"entity_from_deps\"></block></value><value name=\"sourceentity\"><block type=\"source_entity_from_deps\"></block></value></block></next></block><block type=\"entity_open_gui\" x=\"439\" y=\"209\"><field name=\"guiname\">ChestStoreGui</field><value name=\"entity\"><block type=\"entity_from_deps\"></block></value><value name=\"x\"><block type=\"math_number\"><field name=\"NUM\">0</field></block></value><value name=\"y\"><block type=\"math_number\"><field name=\"NUM\">0</field></block></value><value name=\"z\"><block type=\"math_number\"><field name=\"NUM\">0</field></block></value></block><block type=\"source_entity_from_deps\" x=\"206\" y=\"229\"></block></xml>",
    "skipDependencyNullCheck": false
  }
}