{
  "_fv": 79,
  "_type": "procedure",
  "definition": {
    "procedurexml": "<xml xmlns=\"https://developers.google.com/blockly/xml\"><block type=\"event_trigger\" deletable=\"false\" x=\"60\" y=\"40\"><field name=\"trigger\">no_ext_trigger</field><next><block type=\"controls_if\"><mutation else=\"1\"></mutation><value name=\"IF0\"><block type=\"world_data_is_block_powered\"><value name=\"x\"><block type=\"coord_x\"></block></value><value name=\"y\"><block type=\"coord_y\"></block></value><value name=\"z\"><block type=\"coord_z\"></block></value></block></value><statement name=\"DO0\"><block type=\"play_sound\"><field name=\"sound\">entity.tnt.primed</field><field name=\"soundcategory\">neutral</field><value name=\"x\"><block type=\"coord_x\"></block></value><value name=\"y\"><block type=\"coord_y\"></block></value><value name=\"z\"><block type=\"coord_z\"></block></value><value name=\"level\"><block type=\"math_number\"><field name=\"NUM\">1</field></block></value><value name=\"pitch\"><block type=\"math_number\"><field name=\"NUM\">1</field></block></value><next><block type=\"wait\"><value name=\"ticks\"><block type=\"math_number\"><field name=\"NUM\">20</field></block></value><statement name=\"do\"><block type=\"block_remove\"><value name=\"x\"><block type=\"coord_x\"></block></value><value name=\"y\"><block type=\"coord_y\"></block></value><value name=\"z\"><block type=\"coord_z\"></block></value><next><block type=\"explode\"><field name=\"mode\">TNT</field><value name=\"x\"><block type=\"coord_x\"></block></value><value name=\"y\"><block type=\"coord_y\"></block></value><value name=\"z\"><block type=\"coord_z\"></block></value><value name=\"power\"><block type=\"math_number\"><field name=\"NUM\">16</field></block></value></block></next></block></statement></block></next></block></statement><statement name=\"ELSE\"><block type=\"explode\"><field name=\"mode\">TNT</field><value name=\"x\"><block type=\"coord_x\"></block></value><value name=\"y\"><block type=\"coord_y\"></block></value><value name=\"z\"><block type=\"coord_z\"></block></value><value name=\"power\"><block type=\"math_number\"><field name=\"NUM\">16</field></block></value></block></statement></block></next></block></xml>",
    "skipDependencyNullCheck": false
  }
}