{
  "_fv": 79,
  "_type": "recipe",
  "definition": {
    "recipeType": "Brewing",
    "recipeRetstackSize": 1,
    "group": "",
    "unlockingItems": [],
    "cookingBookCategory": "MISC",
    "xpReward": 0.0,
    "cookingTime": 200,
    "craftingBookCategory": "MISC",
    "recipeShapeless": false,
    "brewingInputStack": {
      "value": "POTION:AWKWARD"
    },
    "brewingIngredientStack": {
      "value": "Items.ARROW"
    },
    "brewingReturnStack": {
      "value": "POTION:CUSTOM:PotionOfFlamingArrows"
    },
    "name": "brewing_recipe",
    "namespace": "mod"
  }
}