{
  "_fv": 79,
  "_type": "tool",
  "definition": {
    "toolType": "Special",
    "renderType": 1,
    "blockingRenderType": 0,
    "texture": "texture",
    "customModelName": "model1:default",
    "blockingModelName": "Normal blocking",
    "guiTexture": "",
    "name": "Club",
    "specialInformation": {
      "fixedValue": []
    },
    "creativeTabs": [
      {
        "value": "TOOLS"
      }
    ],
    "efficiency": 6.0,
    "attackSpeed": 1.0,
    "enchantability": 2,
    "damageVsEntity": 20.0,
    "usageCount": 100000,
    "glowCondition": {
      "fixedValue": false
    },
    "repairItems": [],
    "immuneToFire": false,
    "blockDropsTier": "WOOD",
    "blocksAffected": [
      {
        "value": "Blocks.OAK_WOOD"
      }
    ],
    "stayInGridWhenCrafting": false,
    "damageOnCrafting": false
  }
}