{
  "_fv": 79,
  "_type": "biome",
  "definition": {
    "name": "Frozen Desert",
    "groundBlock": {
      "value": "CUSTOM:FrozenGrass"
    },
    "undergroundBlock": {
      "value": "CUSTOM:Permafrost"
    },
    "underwaterBlock": {
      "value": "CUSTOM:Permafrost"
    },
    "airColor": {
      "value": -16777216,
      "falpha": 0.0
    },
    "fogColor": {
      "value": -16764109,
      "falpha": 0.0
    },
    "grassColor": {
      "value": -13421569,
      "falpha": 0.0
    },
    "foliageColor": {
      "value": -6723841,
      "falpha": 0.0
    },
    "waterColor": {
      "value": -16777114,
      "falpha": 0.0
    },
    "waterFogColor": {
      "value": -13434778,
      "falpha": 0.0
    },
    "ambientSound": {
      "value": "record.precipice"
    },
    "additionsSound": {
      "value": ""
    },
    "music": {
      "value": "block.amethyst_block.break"
    },
    "moodSound": {
      "value": ""
    },
    "moodSoundDelay": 6000,
    "spawnParticles": true,
    "particleToSpawn": {
      "value": "SNOWFLAKE"
    },
    "particlesProbability": 0.5,
    "rainingPossibility": 0.5,
    "temperature": 0.5,
    "spawnBiome": true,
    "spawnInCaves": false,
    "spawnBiomeNether": false,
    "genTemperature": {
      "min": -0.5,
      "max": 0.5
    },
    "genHumidity": {
      "min": -0.5,
      "max": 0.5
    },
    "genContinentalness": {
      "min": 0.3,
      "max": 1.0
    },
    "genErosion": {
      "min": -0.5,
      "max": 0.5
    },
    "genWeirdness": {
      "min": -1.0,
      "max": 1.0
    },
    "treesPerChunk": 2,
    "vanillaTreeType": "Default",
    "treeType": 1,
    "minHeight": 7,
    "treeStem": {
      "value": "CUSTOM:FrostWood"
    },
    "treeBranch": {
      "value": "Blocks.PALE_OAK_LEAVES"
    },
    "treeVines": {
      "value": ""
    },
    "treeFruits": {
      "value": ""
    },
    "defaultFeatures": [
      "Caves",
      "Ores",
      "FrozenTopLayer"
    ],
    "spawnStronghold": true,
    "spawnMineshaft": false,
    "spawnMineshaftMesa": false,
    "spawnPillagerOutpost": true,
    "villageType": "plains",
    "spawnWoodlandMansion": true,
    "spawnJungleTemple": false,
    "spawnDesertPyramid": false,
    "spawnSwampHut": false,
    "spawnIgloo": true,
    "spawnOceanMonument": false,
    "spawnShipwreck": false,
    "spawnShipwreckBeached": true,
    "spawnBuriedTreasure": true,
    "oceanRuinType": "COLD",
    "spawnNetherBridge": false,
    "spawnNetherFossil": true,
    "spawnBastionRemnant": false,
    "spawnEndCity": false,
    "spawnRuinedPortal": "STANDARD",
    "spawnEntries": [
      {
        "entity": {
          "value": "EntityCow"
        },
        "minGroup": 4,
        "maxGroup": 4,
        "weight": 20,
        "spawnType": "creature"
      },
      {
        "entity": {
          "value": "EntityPig"
        },
        "minGroup": 4,
        "maxGroup": 4,
        "weight": 20,
        "spawnType": "creature"
      },
      {
        "entity": {
          "value": "EntitySheep"
        },
        "minGroup": 4,
        "maxGroup": 4,
        "weight": 20,
        "spawnType": "creature"
      }
    ]
  }
}