{
  "_fv": 79,
  "_type": "procedure",
  "definition": {
    "procedurexml": "<xml xmlns=\"https://developers.google.com/blockly/xml\"><block type=\"event_trigger\" deletable=\"false\" x=\"40\" y=\"40\"><field name=\"trigger\">no_ext_trigger</field><next><block type=\"gui_set_items\"><value name=\"amount\"><block type=\"math_number\"><field name=\"NUM\">1</field></block></value><value name=\"item\"><block type=\"mcitem_all\"><field name=\"value\">CUSTOM:MonsterHead</field></block></value><value name=\"slotid\"><block type=\"math_number\"><field name=\"NUM\">0</field></block></value><value name=\"entity\"><block type=\"entity_from_deps\"></block></value></block></next></block></xml>",
    "skipDependencyNullCheck": false
  }
}