{
  "_fv": 79,
  "_type": "potion",
  "definition": {
    "potionName": "Potion Of Flaming Arrows",
    "splashName": "Splash Potion Of Flaming Arrows",
    "lingeringName": "Lingering Potion Of Flaming Arrows",
    "arrowName": "Arrow Of Flaming Arrows",
    "effects": [
      {
        "effect": {
          "value": "CUSTOM:ArrowEffect"
        },
        "duration": 100,
        "infinite": false,
        "amplifier": 0,
        "ambient": false,
        "showParticles": false
      }
    ]
  }
}