{
  "_fv": 79,
  "_type": "recipe",
  "definition": {
    "recipeType": "Crafting",
    "recipeRetstackSize": 3,
    "group": "",
    "unlockingItems": [],
    "cookingBookCategory": "MISC",
    "xpReward": 0.0,
    "cookingTime": 200,
    "craftingBookCategory": "MISC",
    "recipeShapeless": false,
    "recipeSlots": [
      {
        "value": "CUSTOM:IceCrystal"
      },
      {
        "value": "Blocks.SAND#0"
      },
      {
        "value": "CUSTOM:IceCrystal"
      },
      {
        "value": "Blocks.SAND#0"
      },
      {
        "value": "CUSTOM:IceCrystal"
      },
      {
        "value": "Blocks.SAND#0"
      },
      {
        "value": "CUSTOM:IceCrystal"
      },
      {
        "value": "Blocks.SAND#0"
      },
      {
        "value": "CUSTOM:IceCrystal"
      }
    ],
    "recipeReturnStack": {
      "value": "CUSTOM:FrostbiteTNT"
    },
    "name": "recipe_4",
    "namespace": "mod"
  }
}