{
  "_fv": 79,
  "_type": "procedure",
  "definition": {
    "procedurexml": "<xml xmlns=\"https://developers.google.com/blockly/xml\"><block type=\"event_trigger\" deletable=\"false\" x=\"40\" y=\"40\"><field name=\"trigger\">no_ext_trigger</field><next><block type=\"block_add\"><value name=\"block\"><block type=\"mcitem_allblocks\"><field name=\"value\">Blocks.ICE</field></block></value><value name=\"x\"><block type=\"coord_x\"></block></value><value name=\"y\"><block type=\"coord_y\"></block></value><value name=\"z\"><block type=\"coord_z\"></block></value></block></next></block><block type=\"math_dual_ops\" x=\"716\" y=\"207\"><field name=\"OP\">MINUS</field><value name=\"B\"><block type=\"math_number\"><field name=\"NUM\">1</field></block></value></block></xml>",
    "skipDependencyNullCheck": false
  }
}