{
  "_fv": 79,
  "_type": "procedure",
  "definition": {
    "procedurexml": "<xml xmlns=\"https://developers.google.com/blockly/xml\"><block type=\"event_trigger\" deletable=\"false\" x=\"40\" y=\"40\"><field name=\"trigger\">entity_attacked</field><next><block type=\"controls_if\"><value name=\"IF0\"><block type=\"itemstack_has_enchantment\"><field name=\"enhancement\">CUSTOM:WrathOfTheWither</field><value name=\"item\"><block type=\"entity_iteminhand\"><value name=\"entity\"><block type=\"source_entity_from_deps\"></block></value></block></value></block></value><statement name=\"DO0\"><block type=\"entity_add_potion_advanced\"><field name=\"potion\">WITHER</field><value name=\"level\"><block type=\"math_number\"><field name=\"NUM\">21</field></block></value><value name=\"duration\"><block type=\"math_number\"><field name=\"NUM\">60</field></block></value><value name=\"ambient\"><block type=\"logic_boolean\"><field name=\"BOOL\">FALSE</field></block></value><value name=\"particles\"><block type=\"logic_boolean\"><field name=\"BOOL\">FALSE</field></block></value><value name=\"entity\"><block type=\"entity_from_deps\"></block></value></block></statement></block></next></block></xml>",
    "skipDependencyNullCheck": false
  }
}