{
  "_fv": 79,
  "_type": "enchantment",
  "definition": {
    "name": "Wrath Of The Wither",
    "supportedSlots": "any",
    "weight": 10,
    "anvilCost": 3,
    "maxLevel": 4,
    "damageModifier": 0,
    "incompatibleEnchantments": [
      {
        "value": "CUSTOM:LightningStrike"
      },
      {
        "value": "FIRE_ASPECT"
      }
    ],
    "supportedItems": [
      {
        "value": "TAG:minecraft:swords"
      }
    ],
    "isTreasureEnchantment": false,
    "isCurse": false,
    "canGenerateInLootTables": true,
    "canVillagerTrade": true
  }
}