{
  "_fv": 79,
  "_type": "biome",
  "definition": {
    "name": "Ore",
    "groundBlock": {
      "value": "Blocks.NETHERITE_BLOCK"
    },
    "undergroundBlock": {
      "value": "Blocks.IRON_BLOCK"
    },
    "underwaterBlock": {
      "value": "Blocks.EMERALD_BLOCK"
    },
    "airColor": {
      "value": -10079488,
      "falpha": 0.0
    },
    "fogColor": {
      "value": -16777012,
      "falpha": 0.0
    },
    "grassColor": {
      "value": -16764160,
      "falpha": 0.0
    },
    "foliageColor": {
      "value": -3407668,
      "falpha": 0.0
    },
    "waterColor": {
      "value": -39424,
      "falpha": 0.0
    },
    "waterFogColor": {
      "value": -16724737,
      "falpha": 0.0
    },
    "ambientSound": {
      "value": "block.anvil.use"
    },
    "additionsSound": {
      "value": "block.amethyst_cluster.break"
    },
    "music": {
      "value": "block.eyeblossom.idle"
    },
    "moodSound": {
      "value": "block.bubble_column.whirlpool_inside"
    },
    "moodSoundDelay": 6000,
    "spawnParticles": true,
    "particleToSpawn": {
      "value": "ASH"
    },
    "particlesProbability": 0.5,
    "rainingPossibility": 0.0,
    "temperature": 2.0,
    "spawnBiome": true,
    "spawnInCaves": true,
    "spawnBiomeNether": false,
    "genTemperature": {
      "min": -2.0,
      "max": 2.0
    },
    "genHumidity": {
      "min": -2.0,
      "max": 1.0
    },
    "genContinentalness": {
      "min": -0.30019999999999997,
      "max": 1.0
    },
    "genErosion": {
      "min": -2.0,
      "max": 1.0
    },
    "genWeirdness": {
      "min": -2.0,
      "max": 1.9977
    },
    "treesPerChunk": 100,
    "vanillaTreeType": "Default",
    "treeType": 1,
    "minHeight": 32,
    "treeStem": {
      "value": "Blocks.LAPIS_BLOCK"
    },
    "treeBranch": {
      "value": "Blocks.GOLD_BLOCK"
    },
    "treeVines": {
      "value": "Blocks.DIAMOND_BLOCK"
    },
    "treeFruits": {
      "value": "Blocks.EMERALD_BLOCK"
    },
    "defaultFeatures": [
      "Ores",
      "ExtraEmeraldOre",
      "ExtraGoldOre",
      "AmethystGeodes"
    ],
    "spawnStronghold": true,
    "spawnMineshaft": true,
    "spawnMineshaftMesa": true,
    "spawnPillagerOutpost": true,
    "villageType": "plains",
    "spawnWoodlandMansion": true,
    "spawnJungleTemple": true,
    "spawnDesertPyramid": true,
    "spawnSwampHut": true,
    "spawnIgloo": true,
    "spawnOceanMonument": true,
    "spawnShipwreck": true,
    "spawnShipwreckBeached": true,
    "spawnBuriedTreasure": true,
    "oceanRuinType": "WARM",
    "spawnNetherBridge": true,
    "spawnNetherFossil": true,
    "spawnBastionRemnant": true,
    "spawnEndCity": true,
    "spawnRuinedPortal": "MOUNTAIN",
    "spawnEntries": [
      {
        "entity": {
          "value": "EntityIronGolem"
        },
        "minGroup": 4,
        "maxGroup": 6,
        "weight": 3,
        "spawnType": "creature"
      }
    ]
  }
}