{
  "_fv": 79,
  "_type": "procedure",
  "definition": {
    "procedurexml": "<xml xmlns=\"https://developers.google.com/blockly/xml\"><block type=\"event_trigger\" deletable=\"false\" x=\"40\" y=\"40\"><field name=\"trigger\">no_ext_trigger</field><next><block type=\"spawn_entity_with_rotation_velocity\"><field name=\"entity\">EntityWolf</field><value name=\"x\"><block type=\"coord_x\"></block></value><value name=\"y\"><block type=\"coord_y\"></block></value><value name=\"z\"><block type=\"coord_z\"></block></value><value name=\"yaw\"><block type=\"math_number\"><field name=\"NUM\">0</field></block></value><value name=\"pitch\"><block type=\"math_number\"><field name=\"NUM\">0</field></block></value><value name=\"vx\"><block type=\"math_number\"><field name=\"NUM\">0</field></block></value><value name=\"vy\"><block type=\"math_number\"><field name=\"NUM\">0</field></block></value><value name=\"vz\"><block type=\"math_number\"><field name=\"NUM\">0</field></block></value><next><block type=\"entity_maketamed\"><value name=\"entity\"><block type=\"entity_from_deps\"></block></value><value name=\"sourceentity\"><block type=\"source_entity_from_deps\"></block></value></block></next></block></next></block></xml>",
    "skipDependencyNullCheck": false
  }
}