{
  "has_precipitation": true,
  "temperature": 2,
  "downfall": 1,
  "effects": {
    "ambient_sound": "ambient.cave",
    "mood_sound": {
      "sound": "ambient.cave",
      "tick_delay": 6000,
      "offset": 8,
      "block_search_extent": 2
    },
    "additions_sound": {
      "sound": "ambient.cave",
      "tick_chance": 0.0111
    },
    "music": [
      {
        "weight": 1,
        "data": {
          "sound": "ambient.cave",
          "min_delay": 12000,
          "max_delay": 24000,
          "replace_current_music": true
        }
      }
    ],
    "particle": {
      "options": {
        "type": "dripping_water"
      },
      "probability": 0.04
    },
    "foliage_color": -65536,
    "grass_color": -65536,
    "sky_color": -65536,
    "fog_color": -65536,
    "water_color": -65536,
    "water_fog_color": -65536
  },
  "spawners": {
    "monster": [
      {
        "type": "jeremy_h:bloodysteve",
        "weight": 4,
        "minCount": 4,
        "maxCount": 4
      },
      {
        "type": "pillager",
        "weight": 4,
        "minCount": 4,
        "maxCount": 4
      }
    ],
    "creature": [],
    "ambient": [
      {
        "type": "experience_orb",
        "weight": 4,
        "minCount": 4,
        "maxCount": 4
      }
    ],
    "axolotls": [],
    "underground_water_creature": [],
    "water_creature": [],
    "water_ambient": [],
    "misc": []
  },
  "spawn_costs": {},
  "carvers": [],
  "features": [
    [],
    [],
    [],
    [],
    [],
    [],
    [],
    [],
    [],
    [
      "jeremy_h:bloodybiome_tree"
    ],
    []
  ]
}