{
  "description": {
    "translate": "enchantment.john.lightning"
  },
  "supported_items": [
    "minecraft:totem_of_undying",
    "minecraft:trial_key",
    "minecraft:ominous_trial_key",
    "minecraft:lead",
    "minecraft:name_tag",
    "minecraft:shield",
    "minecraft:wooden_sword",
    "minecraft:wooden_shovel",
    "minecraft:wooden_pickaxe",
    "minecraft:wooden_axe",
    "minecraft:wooden_hoe",
    "minecraft:stone_sword",
    "minecraft:stone_shovel",
    "minecraft:stone_pickaxe",
    "minecraft:stone_axe",
    "minecraft:stone_hoe",
    "minecraft:iron_sword",
    "minecraft:iron_shovel",
    "minecraft:iron_pickaxe",
    "minecraft:iron_axe",
    "minecraft:iron_hoe",
    "minecraft:flint_and_steel",
    "minecraft:shears",
    "minecraft:golden_sword",
    "minecraft:golden_shovel",
    "minecraft:golden_pickaxe",
    "minecraft:golden_axe",
    "minecraft:golden_hoe",
    "minecraft:diamond_sword",
    "minecraft:diamond_shovel",
    "minecraft:diamond_pickaxe",
    "minecraft:diamond_axe",
    "minecraft:diamond_hoe",
    "minecraft:netherite_sword",
    "minecraft:netherite_shovel",
    "minecraft:netherite_pickaxe",
    "minecraft:netherite_axe",
    "minecraft:netherite_hoe",
    "minecraft:trident",
    "minecraft:mace"
  ],
  "weight": 10,
  "max_level": 15,
  "min_cost": {
    "base": 1,
    "per_level_above_first": 10
  },
  "max_cost": {
    "base": 6,
    "per_level_above_first": 10
  },
  "anvil_cost": 1,
  "slots": [
    "any"
  ],
  "exclusive_set": []
}