{
  "type": "minecraft:tree",
  "config": {
    "force_dirt": false,
    "ignore_vines": true,
    "minimum_size": {
      "type": "minecraft:two_layers_feature_size",
      "limit": 1,
      "lower_size": 1,
      "upper_size": 2
    },
    "dirt_provider": {
      "type": "minecraft:simple_state_provider",
      "state": {
        "Name": "minecraft:coarse_dirt"
      }
    },
    "trunk_provider": {
      "type": "minecraft:simple_state_provider",
      "state": {
        "Name": "cody:pine_tree_wood_block"
      }
    },
    "foliage_provider": {
      "type": "minecraft:simple_state_provider",
      "state": {
        "Name": "cody:pine_forest_leaves"
      }
    },
    "trunk_placer": {
      "type": "minecraft:mega_jungle_trunk_placer",
      "base_height": 15,
      "height_rand_a": 2,
      "height_rand_b": 19
    },
    "foliage_placer": {
      "type": "minecraft:jungle_foliage_placer",
      "radius": 2,
      "offset": 0,
      "height": 2
    },
    "decorators": []
  }
}