{
  "has_precipitation": true,
  "temperature": 0.5,
  "downfall": 0.5,
  "effects": {
    "foliage_color": 10387789,
    "grass_color": 9470285,
    "sky_color": 7972607,
    "fog_color": 12638463,
    "water_color": -13395712,
    "water_fog_color": 329011
  },
  "spawners": {
    "monster": [
      {
        "type": "crosby:dut",
        "weight": 20,
        "minCount": 4,
        "maxCount": 4
      },
      {
        "type": "armadillo",
        "weight": 20,
        "minCount": 4,
        "maxCount": 4
      },
      {
        "type": "cod",
        "weight": 20,
        "minCount": 4,
        "maxCount": 4
      },
      {
        "type": "donkey",
        "weight": 20,
        "minCount": 4,
        "maxCount": 4
      },
      {
        "type": "pig",
        "weight": 20,
        "minCount": 4,
        "maxCount": 4
      }
    ],
    "creature": [],
    "ambient": [],
    "axolotls": [],
    "underground_water_creature": [
      {
        "type": "sniffer",
        "weight": 20,
        "minCount": 4,
        "maxCount": 5
      }
    ],
    "water_creature": [],
    "water_ambient": [],
    "misc": []
  },
  "spawn_costs": {},
  "carvers": [],
  "features": [
    [],
    [],
    [],
    [],
    [],
    [],
    [],
    [],
    [],
    [
      "crosby:dud_tree"
    ],
    [
      "minecraft:freeze_top_layer"
    ]
  ]
}