{
  "_fv": 79,
  "_type": "potion",
  "definition": {
    "potionName": "Potion of Blooditem",
    "splashName": "Splash Potion of Blooditem",
    "lingeringName": "Lingering Potion of Blooditem",
    "arrowName": "Arrow of Blooditem",
    "effects": [
      {
        "effect": {
          "value": "REGENERATION"
        },
        "duration": 3600,
        "infinite": false,
        "amplifier": 0,
        "ambient": false,
        "showParticles": false
      },
      {
        "effect": {
          "value": "RESISTANCE"
        },
        "duration": 3600,
        "infinite": false,
        "amplifier": 0,
        "ambient": false,
        "showParticles": false
      },
      {
        "effect": {
          "value": "SLOW_FALLING"
        },
        "duration": 3600,
        "infinite": false,
        "amplifier": 0,
        "ambient": false,
        "showParticles": false
      },
      {
        "effect": {
          "value": "STRENGTH"
        },
        "duration": 3600,
        "infinite": false,
        "amplifier": 0,
        "ambient": false,
        "showParticles": false
      },
      {
        "effect": {
          "value": "WATER_BREATHING"
        },
        "duration": 3600,
        "infinite": false,
        "amplifier": 0,
        "ambient": false,
        "showParticles": false
      },
      {
        "effect": {
          "value": "SPEED"
        },
        "duration": 3600,
        "infinite": false,
        "amplifier": 0,
        "ambient": false,
        "showParticles": true
      }
    ]
  }
}