{
  "_fv": 79,
  "_type": "villagertrade",
  "definition": {
    "tradeEntries": [
      {
        "villagerProfession": {
          "value": "FARMER"
        },
        "entries": [
          {
            "price1": {
              "value": "Items.APPLE"
            },
            "countPrice1": 1,
            "price2": {
              "value": "Items.APPLE"
            },
            "countPrice2": 1,
            "offer": {
              "value": "CUSTOM:Blooddimmond"
            },
            "countOffer": 2,
            "level": 1,
            "maxTrades": 255,
            "xp": 10288,
            "priceMultiplier": 0.05
          }
        ]
      }
    ]
  }
}