{
  "_fv": 79,
  "_type": "enchantment",
  "definition": {
    "name": "Bloodenchantment",
    "supportedSlots": "mainhand",
    "weight": 255,
    "anvilCost": 6,
    "maxLevel": 255,
    "damageModifier": 5,
    "incompatibleEnchantments": [
      {
        "value": "SHARPNESS"
      }
    ],
    "supportedItems": [
      {
        "value": "Items.NETHERITE_SWORD"
      },
      {
        "value": "CUSTOM:Blooddimmond"
      }
    ],
    "isTreasureEnchantment": true,
    "isCurse": false,
    "canGenerateInLootTables": true,
    "canVillagerTrade": true
  }
}