{
  "_fv": 79,
  "_type": "item",
  "definition": {
    "renderType": 0,
    "texture": "blooddimmond",
    "customModelName": "Normal",
    "guiTexture": "blooddimmond",
    "customProperties": {},
    "states": [],
    "name": "Blooddimmond",
    "rarity": "EPIC",
    "creativeTabs": [
      {
        "value": "COMBAT"
      }
    ],
    "stackSize": 64,
    "enchantability": 200,
    "useDuration": 0,
    "toolType": 999.0,
    "damageCount": 255,
    "recipeRemainder": {
      "value": ""
    },
    "destroyAnyBlock": false,
    "immuneToFire": false,
    "stayInGridWhenCrafting": true,
    "damageOnCrafting": true,
    "enableMeleeDamage": true,
    "damageVsEntity": 9999.0,
    "specialInformation": {
      "fixedValue": []
    },
    "glowCondition": {
      "fixedValue": true
    },
    "inventorySize": 9,
    "inventoryStackSize": 99,
    "enableRanged": false,
    "shootConstantly": false,
    "rangedItemChargesPower": false,
    "projectile": {
      "value": "Arrow"
    },
    "projectileDisableAmmoCheck": false,
    "isFood": false,
    "nutritionalValue": 4,
    "saturation": 0.3,
    "eatResultItem": {
      "value": ""
    },
    "isMeat": false,
    "isAlwaysEdible": false,
    "animation": "spear",
    "isMusicDisc": false,
    "musicDiscMusic": {
      "value": ""
    },
    "musicDiscDescription": "",
    "musicDiscLengthInTicks": 100,
    "musicDiscAnalogOutput": 0,
    "providedBannerPatterns": []
  }
}