{
  "_fv": 79,
  "_type": "biome",
  "definition": {
    "name": "Bloodysteve'sbiome",
    "groundBlock": {
      "value": "Blocks.DIAMOND_BLOCK"
    },
    "undergroundBlock": {
      "value": "Blocks.IRON_BLOCK"
    },
    "underwaterBlock": {
      "value": "Blocks.EMERALD_BLOCK"
    },
    "airColor": {
      "value": -65536,
      "falpha": 0.0
    },
    "fogColor": {
      "value": -65536,
      "falpha": 0.0
    },
    "grassColor": {
      "value": -65536,
      "falpha": 0.0
    },
    "foliageColor": {
      "value": -65536,
      "falpha": 0.0
    },
    "waterColor": {
      "value": -65536,
      "falpha": 0.0
    },
    "waterFogColor": {
      "value": -65536,
      "falpha": 0.0
    },
    "ambientSound": {
      "value": "ambient.cave"
    },
    "additionsSound": {
      "value": "ambient.cave"
    },
    "music": {
      "value": "ambient.cave"
    },
    "moodSound": {
      "value": "ambient.cave"
    },
    "moodSoundDelay": 6000,
    "spawnParticles": true,
    "particleToSpawn": {
      "value": "DRIP_WATER"
    },
    "particlesProbability": 4.0,
    "rainingPossibility": 1.0,
    "temperature": 2.0,
    "spawnBiome": true,
    "spawnInCaves": true,
    "spawnBiomeNether": true,
    "genTemperature": {
      "min": -1.5,
      "max": 1.4983
    },
    "genHumidity": {
      "min": -0.5,
      "max": 0.5
    },
    "genContinentalness": {
      "min": 0.3,
      "max": 1.0
    },
    "genErosion": {
      "min": -0.5,
      "max": 0.5
    },
    "genWeirdness": {
      "min": -1.0,
      "max": 1.0
    },
    "treesPerChunk": 256,
    "vanillaTreeType": "Big trees",
    "treeType": 1,
    "minHeight": 32,
    "treeStem": {
      "value": "Blocks.EMERALD_BLOCK"
    },
    "treeBranch": {
      "value": "Blocks.DIAMOND_BLOCK"
    },
    "treeVines": {
      "value": "Blocks.IRON_BLOCK"
    },
    "treeFruits": {
      "value": "Blocks.LAPIS_BLOCK"
    },
    "defaultFeatures": [
      "Caves",
      "Ores",
      "ExtraGoldOre",
      "ExtraEmeraldOre",
      "MonsterRooms",
      "Fossils"
    ],
    "spawnStronghold": true,
    "spawnMineshaft": true,
    "spawnMineshaftMesa": true,
    "spawnPillagerOutpost": true,
    "villageType": "none",
    "spawnWoodlandMansion": true,
    "spawnJungleTemple": true,
    "spawnDesertPyramid": true,
    "spawnSwampHut": true,
    "spawnIgloo": true,
    "spawnOceanMonument": true,
    "spawnShipwreck": true,
    "spawnShipwreckBeached": true,
    "spawnBuriedTreasure": true,
    "oceanRuinType": "COLD",
    "spawnNetherBridge": true,
    "spawnNetherFossil": true,
    "spawnBastionRemnant": true,
    "spawnEndCity": true,
    "spawnRuinedPortal": "STANDARD",
    "spawnEntries": [
      {
        "entity": {
          "value": "CUSTOM:Bloodysteve"
        },
        "minGroup": 4,
        "maxGroup": 4,
        "weight": 4,
        "spawnType": "monster"
      },
      {
        "entity": {
          "value": "EntityPillager"
        },
        "minGroup": 4,
        "maxGroup": 4,
        "weight": 4,
        "spawnType": "monster"
      },
      {
        "entity": {
          "value": "EntityXPOrb"
        },
        "minGroup": 4,
        "maxGroup": 4,
        "weight": 4,
        "spawnType": "ambient"
      }
    ]
  }
}