{
  "_fv": 79,
  "_type": "tool",
  "definition": {
    "toolType": "Pickaxe",
    "renderType": 0,
    "blockingRenderType": 0,
    "texture": "minecraft:bordure_indented_banner_pattern",
    "customModelName": "Normal",
    "blockingModelName": "Normal blocking",
    "guiTexture": "minecraft:bordure_indented_banner_pattern",
    "name": "Bloodtool",
    "specialInformation": {
      "fixedValue": []
    },
    "creativeTabs": [
      {
        "value": "TOOLS"
      }
    ],
    "efficiency": 255.0,
    "attackSpeed": 1.0,
    "enchantability": 255,
    "damageVsEntity": 255.0,
    "usageCount": 255,
    "glowCondition": {
      "fixedValue": true
    },
    "repairItems": [
      {
        "value": "Items.FLINT_AND_STEEL"
      },
      {
        "value": "TAG:minecraft:category/tag"
      }
    ],
    "immuneToFire": false,
    "blockDropsTier": "WOOD",
    "blocksAffected": [],
    "stayInGridWhenCrafting": false,
    "damageOnCrafting": false,
    "onItemInUseTick": {
      "name": "BloodtoolToolInHandTick"
    }
  }
}