{
  "_fv": 79,
  "_type": "recipe",
  "definition": {
    "recipeType": "Smelting",
    "recipeRetstackSize": 1,
    "group": "bloodrecipe",
    "unlockingItems": [
      {
        "value": "Items.APPLE"
      },
      {
        "value": "TAG:minecraft:bloddimmond"
      }
    ],
    "cookingBookCategory": "FOOD",
    "xpReward": 255.0,
    "cookingTime": 1,
    "craftingBookCategory": "MISC",
    "recipeShapeless": false,
    "smeltingInputStack": {
      "value": "Items.WOODEN_SHOVEL"
    },
    "smeltingReturnStack": {
      "value": "CUSTOM:Blooddimmond"
    },
    "name": "bloodrecipe",
    "namespace": "mod"
  }
}