{
  "_fv": 79,
  "_type": "potioneffect",
  "definition": {
    "effectName": "Bloodpotion",
    "icon": "bloody_effect",
    "color": {
      "value": -52429,
      "falpha": 0.0
    },
    "onAddedSound": {
      "value": "entity.warden.agitated"
    },
    "isInstant": false,
    "mobEffectCategory": "HARMFUL",
    "renderStatusInInventory": true,
    "renderStatusInHUD": true,
    "isCuredbyHoney": true,
    "modifiers": [
      {
        "attribute": {
          "value": "ARMOR"
        },
        "amount": 0.0,
        "operation": "ADD_VALUE"
      }
    ],
    "onActiveTick": {
      "name": "BloodpotionOnEffectActiveTick"
    }
  }
}