{
  "description": {
    "translate": "enchantment.lev_.fulminis"
  },
  "supported_items": [
    "minecraft:diamond_sword",
    "minecraft:bow",
    "minecraft:netherite_sword",
    "minecraft:golden_sword",
    "minecraft:iron_sword",
    "minecraft:stone_sword",
    "minecraft:wooden_sword"
  ],
  "weight": 11,
  "max_level": 5,
  "min_cost": {
    "base": 1,
    "per_level_above_first": 10
  },
  "max_cost": {
    "base": 6,
    "per_level_above_first": 10
  },
  "anvil_cost": 40,
  "slots": [
    "any"
  ],
  "exclusive_set": "channeling"
}