{
  "has_precipitation": true,
  "temperature": 0.5,
  "downfall": 0.5,
  "effects": {
    "ambient_sound": "ambient.cave",
    "mood_sound": {
      "sound": "ambient.nether_wastes.additions",
      "tick_delay": 6000,
      "offset": 8,
      "block_search_extent": 2
    },
    "additions_sound": {
      "sound": "ambient.soul_sand_valley.mood",
      "tick_chance": 0.0111
    },
    "music": [
      {
        "weight": 1,
        "data": {
          "sound": "ambient.crimson_forest.mood",
          "min_delay": 12000,
          "max_delay": 24000,
          "replace_current_music": true
        }
      }
    ],
    "particle": {
      "options": {
        "type": "dragon_breath"
      },
      "probability": 0.005
    },
    "foliage_color": 10387789,
    "grass_color": -16776961,
    "sky_color": -3342388,
    "fog_color": -16777216,
    "water_color": -65536,
    "water_fog_color": -10092544
  },
  "spawners": {
    "monster": [],
    "creature": [
      {
        "type": "fox",
        "weight": 50,
        "minCount": 69,
        "maxCount": 69
      }
    ],
    "ambient": [],
    "axolotls": [],
    "underground_water_creature": [],
    "water_creature": [],
    "water_ambient": [],
    "misc": []
  },
  "spawn_costs": {},
  "carvers": [
    "minecraft:cave",
    "minecraft:cave_extra_underground",
    "minecraft:canyon"
  ],
  "features": [
    [],
    [
      "minecraft:lake_lava_underground"
    ],
    [],
    [],
    [],
    [],
    [
      "minecraft:ore_coal_upper",
      "minecraft:ore_coal_lower",
      "minecraft:ore_iron_upper",
      "minecraft:ore_iron_middle",
      "minecraft:ore_iron_small",
      "minecraft:ore_gold",
      "minecraft:ore_gold_lower",
      "minecraft:ore_redstone",
      "minecraft:ore_redstone_lower",
      "minecraft:ore_diamond",
      "minecraft:ore_diamond_medium",
      "minecraft:ore_diamond_large",
      "minecraft:ore_diamond_buried",
      "minecraft:ore_lapis",
      "minecraft:ore_lapis_buried",
      "minecraft:ore_copper",
      "minecraft:underwater_magma"
    ],
    [],
    [],
    [
      "josiah:rich_tree"
    ],
    [
      "minecraft:freeze_top_layer"
    ]
  ]
}