{
  "_fv": 79,
  "_type": "projectile",
  "definition": {
    "projectileItem": {
      "value": "CUSTOM:Kiblasttt"
    },
    "showParticles": true,
    "actionSound": {
      "value": "item.bucket.fill"
    },
    "igniteFire": true,
    "disableGravity": true,
    "power": 3.0,
    "damage": 6.0,
    "knockback": 11,
    "entityModel": "Default",
    "customModelTexture": "",
    "modelWidth": 0.5,
    "modelHeight": 0.5,
    "onHitsBlock": {
      "name": "KiBlastProjectileHitsBlock"
    },
    "onHitsPlayer": {
      "name": "KiBlastProjectileHitsPlayer"
    },
    "onHitsEntity": {
      "name": "KiBlastProjectileHitsLivingEntity"
    },
    "onFlyingTick": {
      "name": "KiBlastWhileProjectileFlyingTick"
    }
  }
}