{
  "_fv": 79,
  "_type": "procedure",
  "definition": {
    "procedurexml": "<xml xmlns=\"https://developers.google.com/blockly/xml\"><block type=\"event_trigger\" deletable=\"false\" x=\"40\" y=\"40\"><field name=\"trigger\">no_ext_trigger</field><next><block type=\"projectile_shoot_from_pos\"><value name=\"projectile\"><block type=\"projectiles_fireball\"><field name=\"projectile\">LargeFireball</field><value name=\"ax\"><block type=\"math_number\"><field name=\"NUM\">0</field></block></value><value name=\"ay\"><block type=\"math_number\"><field name=\"NUM\">0</field></block></value><value name=\"az\"><block type=\"math_number\"><field name=\"NUM\">0</field></block></value><value name=\"shooter\"><block type=\"entity_none\"></block></value></block></value><value name=\"x\"><block type=\"coord_x\"></block></value><value name=\"y\"><block type=\"coord_y\"></block></value><value name=\"z\"><block type=\"coord_z\"></block></value><value name=\"dx\"><block type=\"math_number\"><field name=\"NUM\">1</field></block></value><value name=\"dy\"><block type=\"math_number\"><field name=\"NUM\">1</field></block></value><value name=\"dz\"><block type=\"math_number\"><field name=\"NUM\">1</field></block></value><value name=\"speed\"><block type=\"math_number\"><field name=\"NUM\">1</field></block></value><value name=\"inaccuracy\"><block type=\"math_number\"><field name=\"NUM\">0</field></block></value></block></next></block></xml>",
    "skipDependencyNullCheck": false
  }
}