{
  "_fv": 79,
  "_type": "enchantment",
  "definition": {
    "name": "Lightning",
    "supportedSlots": "any",
    "weight": 10,
    "anvilCost": 1,
    "maxLevel": 15,
    "damageModifier": 0,
    "incompatibleEnchantments": [],
    "supportedItems": [
      {
        "value": "Items.TOTEM_OF_UNDYING"
      },
      {
        "value": "Items.TRIAL_KEY"
      },
      {
        "value": "Items.OMINOUS_TRIAL_KEY"
      },
      {
        "value": "Items.LEAD"
      },
      {
        "value": "Items.NAME_TAG"
      },
      {
        "value": "Items.SHIELD"
      },
      {
        "value": "Items.WOODEN_SWORD"
      },
      {
        "value": "Items.WOODEN_SHOVEL"
      },
      {
        "value": "Items.WOODEN_PICKAXE"
      },
      {
        "value": "Items.WOODEN_AXE"
      },
      {
        "value": "Items.WOODEN_HOE"
      },
      {
        "value": "Items.STONE_SWORD"
      },
      {
        "value": "Items.STONE_SHOVEL"
      },
      {
        "value": "Items.STONE_PICKAXE"
      },
      {
        "value": "Items.STONE_AXE"
      },
      {
        "value": "Items.STONE_HOE"
      },
      {
        "value": "Items.IRON_SWORD"
      },
      {
        "value": "Items.IRON_SHOVEL"
      },
      {
        "value": "Items.IRON_PICKAXE"
      },
      {
        "value": "Items.IRON_AXE"
      },
      {
        "value": "Items.IRON_HOE"
      },
      {
        "value": "Items.FLINT_AND_STEEL"
      },
      {
        "value": "Items.SHEARS"
      },
      {
        "value": "Items.GOLDEN_SWORD"
      },
      {
        "value": "Items.GOLDEN_SHOVEL"
      },
      {
        "value": "Items.GOLDEN_PICKAXE"
      },
      {
        "value": "Items.GOLDEN_AXE"
      },
      {
        "value": "Items.GOLDEN_HOE"
      },
      {
        "value": "Items.DIAMOND_SWORD"
      },
      {
        "value": "Items.DIAMOND_SHOVEL"
      },
      {
        "value": "Items.DIAMOND_PICKAXE"
      },
      {
        "value": "Items.DIAMOND_AXE"
      },
      {
        "value": "Items.DIAMOND_HOE"
      },
      {
        "value": "Items.NETHERITE_SWORD"
      },
      {
        "value": "Items.NETHERITE_SHOVEL"
      },
      {
        "value": "Items.NETHERITE_PICKAXE"
      },
      {
        "value": "Items.NETHERITE_AXE"
      },
      {
        "value": "Items.NETHERITE_HOE"
      },
      {
        "value": "Items.TRIDENT"
      },
      {
        "value": "Items.MACE"
      }
    ],
    "isTreasureEnchantment": false,
    "isCurse": false,
    "canGenerateInLootTables": true,
    "canVillagerTrade": true
  }
}