{
  "_fv": 79,
  "_type": "potioneffect",
  "definition": {
    "effectName": "Arrow",
    "icon": "arrows",
    "color": {
      "value": -1,
      "falpha": 0.0
    },
    "onAddedSound": {
      "value": "block.anvil.fall"
    },
    "isInstant": false,
    "mobEffectCategory": "HARMFUL",
    "renderStatusInInventory": true,
    "renderStatusInHUD": true,
    "isCuredbyHoney": true,
    "modifiers": [],
    "onStarted": {
      "name": "ArrowEffectStartedapplied"
    },
    "onActiveTick": {
      "name": "ArrowEffectStartedapplied"
    }
  }
}