{
  "_fv": 79,
  "_type": "biome",
  "definition": {
    "name": "Dies",
    "groundBlock": {
      "value": "Blocks.EMERALD_BLOCK"
    },
    "undergroundBlock": {
      "value": "Blocks.GOLD_BLOCK"
    },
    "underwaterBlock": {
      "value": "Blocks.DIAMOND_BLOCK"
    },
    "airColor": {
      "value": -256,
      "falpha": 0.0
    },
    "fogColor": {
      "value": -65536,
      "falpha": 0.0
    },
    "grassColor": {
      "value": -3407872,
      "falpha": 0.0
    },
    "foliageColor": {
      "value": -52429,
      "falpha": 0.0
    },
    "waterColor": {
      "value": -3407872,
      "falpha": 0.0
    },
    "waterFogColor": {
      "value": -6750208,
      "falpha": 0.0
    },
    "ambientSound": {
      "value": "ambient.cave"
    },
    "additionsSound": {
      "value": "ambient.cave"
    },
    "music": {
      "value": "ambient.cave"
    },
    "moodSound": {
      "value": "ambient.cave"
    },
    "moodSoundDelay": 6000,
    "spawnParticles": true,
    "particleToSpawn": {
      "value": "ASH"
    },
    "particlesProbability": 3.9999999999999996,
    "rainingPossibility": 1.0,
    "temperature": -1.0,
    "spawnBiome": true,
    "spawnInCaves": false,
    "spawnBiomeNether": false,
    "genTemperature": {
      "min": -0.5102,
      "max": 0.5
    },
    "genHumidity": {
      "min": -0.5,
      "max": 0.5
    },
    "genContinentalness": {
      "min": 0.3,
      "max": 1.0
    },
    "genErosion": {
      "min": -0.5,
      "max": 0.5
    },
    "genWeirdness": {
      "min": -1.0,
      "max": 1.0
    },
    "treesPerChunk": 1,
    "vanillaTreeType": "Mega spruce trees",
    "treeType": 1,
    "minHeight": 32,
    "treeStem": {
      "value": "Blocks.PIGLIN_WALL_HEAD"
    },
    "treeBranch": {
      "value": "Blocks.DIAMOND_ORE"
    },
    "treeVines": {
      "value": "Blocks.TNT"
    },
    "treeFruits": {
      "value": "CUSTOM:Nuke"
    },
    "defaultFeatures": [
      "Caves",
      "Ores",
      "FrozenTopLayer"
    ],
    "spawnStronghold": true,
    "spawnMineshaft": false,
    "spawnMineshaftMesa": false,
    "spawnPillagerOutpost": false,
    "villageType": "plains",
    "spawnWoodlandMansion": false,
    "spawnJungleTemple": true,
    "spawnDesertPyramid": false,
    "spawnSwampHut": false,
    "spawnIgloo": false,
    "spawnOceanMonument": false,
    "spawnShipwreck": false,
    "spawnShipwreckBeached": true,
    "spawnBuriedTreasure": true,
    "oceanRuinType": "NONE",
    "spawnNetherBridge": false,
    "spawnNetherFossil": false,
    "spawnBastionRemnant": false,
    "spawnEndCity": true,
    "spawnRuinedPortal": "STANDARD",
    "spawnEntries": [
      {
        "entity": {
          "value": "CUSTOM:Die"
        },
        "minGroup": 150,
        "maxGroup": 200,
        "weight": 20,
        "spawnType": "monster"
      },
      {
        "entity": {
          "value": "EntityGiantZombie"
        },
        "minGroup": 4,
        "maxGroup": 125,
        "weight": 20,
        "spawnType": "monster"
      },
      {
        "entity": {
          "value": "EntityZombie"
        },
        "minGroup": 4,
        "maxGroup": 130,
        "weight": 20,
        "spawnType": "monster"
      },
      {
        "entity": {
          "value": "EntityZombieVillager"
        },
        "minGroup": 4,
        "maxGroup": 145,
        "weight": 20,
        "spawnType": "monster"
      }
    ]
  }
}