{
  "has_precipitation": true,
  "temperature": -1,
  "downfall": 1,
  "effects": {
    "ambient_sound": "ambient.cave",
    "mood_sound": {
      "sound": "ambient.cave",
      "tick_delay": 6000,
      "offset": 8,
      "block_search_extent": 2
    },
    "additions_sound": {
      "sound": "ambient.cave",
      "tick_chance": 0.0111
    },
    "music": [
      {
        "weight": 1,
        "data": {
          "sound": "ambient.cave",
          "min_delay": 12000,
          "max_delay": 24000,
          "replace_current_music": true
        }
      }
    ],
    "particle": {
      "options": {
        "type": "ash"
      },
      "probability": 0.04
    },
    "foliage_color": -52429,
    "grass_color": -3407872,
    "sky_color": -256,
    "fog_color": -65536,
    "water_color": -3407872,
    "water_fog_color": -6750208
  },
  "spawners": {
    "monster": [
      {
        "type": "mcclain:die",
        "weight": 20,
        "minCount": 150,
        "maxCount": 200
      },
      {
        "type": "giant",
        "weight": 20,
        "minCount": 4,
        "maxCount": 125
      },
      {
        "type": "zombie",
        "weight": 20,
        "minCount": 4,
        "maxCount": 130
      },
      {
        "type": "zombie_villager",
        "weight": 20,
        "minCount": 4,
        "maxCount": 145
      }
    ],
    "creature": [],
    "ambient": [],
    "axolotls": [],
    "underground_water_creature": [],
    "water_creature": [],
    "water_ambient": [],
    "misc": []
  },
  "spawn_costs": {},
  "carvers": [
    "minecraft:cave",
    "minecraft:cave_extra_underground",
    "minecraft:canyon"
  ],
  "features": [
    [],
    [
      "minecraft:lake_lava_underground"
    ],
    [],
    [],
    [],
    [],
    [
      "minecraft:ore_coal_upper",
      "minecraft:ore_coal_lower",
      "minecraft:ore_iron_upper",
      "minecraft:ore_iron_middle",
      "minecraft:ore_iron_small",
      "minecraft:ore_gold",
      "minecraft:ore_gold_lower",
      "minecraft:ore_redstone",
      "minecraft:ore_redstone_lower",
      "minecraft:ore_diamond",
      "minecraft:ore_diamond_medium",
      "minecraft:ore_diamond_large",
      "minecraft:ore_diamond_buried",
      "minecraft:ore_lapis",
      "minecraft:ore_lapis_buried",
      "minecraft:ore_copper",
      "minecraft:underwater_magma"
    ],
    [],
    [],
    [
      "mcclain:dies_tree"
    ],
    [
      "minecraft:freeze_top_layer"
    ]
  ]
}