{
  "has_precipitation": false,
  "temperature": 2,
  "downfall": 0,
  "effects": {
    "ambient_sound": "block.anvil.use",
    "mood_sound": {
      "sound": "block.bubble_column.whirlpool_inside",
      "tick_delay": 6000,
      "offset": 8,
      "block_search_extent": 2
    },
    "additions_sound": {
      "sound": "block.amethyst_cluster.break",
      "tick_chance": 0.0111
    },
    "music": [
      {
        "weight": 1,
        "data": {
          "sound": "block.eyeblossom.idle",
          "min_delay": 12000,
          "max_delay": 24000,
          "replace_current_music": true
        }
      }
    ],
    "particle": {
      "options": {
        "type": "ash"
      },
      "probability": 0.005
    },
    "foliage_color": -3407668,
    "grass_color": -16764160,
    "sky_color": -10079488,
    "fog_color": -16777012,
    "water_color": -39424,
    "water_fog_color": -16724737
  },
  "spawners": {
    "monster": [],
    "creature": [
      {
        "type": "iron_golem",
        "weight": 3,
        "minCount": 4,
        "maxCount": 6
      }
    ],
    "ambient": [],
    "axolotls": [],
    "underground_water_creature": [],
    "water_creature": [],
    "water_ambient": [],
    "misc": []
  },
  "spawn_costs": {},
  "carvers": [],
  "features": [
    [],
    [],
    [
      "minecraft:amethyst_geode"
    ],
    [],
    [],
    [],
    [
      "minecraft:ore_coal_upper",
      "minecraft:ore_coal_lower",
      "minecraft:ore_iron_upper",
      "minecraft:ore_iron_middle",
      "minecraft:ore_iron_small",
      "minecraft:ore_gold",
      "minecraft:ore_gold_lower",
      "minecraft:ore_redstone",
      "minecraft:ore_redstone_lower",
      "minecraft:ore_diamond",
      "minecraft:ore_diamond_medium",
      "minecraft:ore_diamond_large",
      "minecraft:ore_diamond_buried",
      "minecraft:ore_lapis",
      "minecraft:ore_lapis_buried",
      "minecraft:ore_copper",
      "minecraft:underwater_magma",
      "minecraft:ore_gold_extra",
      "minecraft:ore_emerald"
    ],
    [],
    [],
    [
      "riley:fygf_tree"
    ],
    []
  ]
}