{
	"format_version": "1.21.6",
	"credit": "Made with Blockbench",
	"texture_size": [64, 64],
	"textures": {
		"0": "block/texture",
		"particle": "block/texture"
	},
	"elements": [
		{
			"from": [1, 4, -1],
			"to": [1, 4, -1],
			"rotation": {"angle": 0, "axis": "y", "origin": [0, 3, -2]},
			"faces": {
				"north": {"uv": [0, 0, 0, 0], "texture": "#0"},
				"east": {"uv": [0, 0, 0, 0], "texture": "#0"},
				"south": {"uv": [0, 0, 0, 0], "texture": "#0"},
				"west": {"uv": [0, 0, 0, 0], "texture": "#0"},
				"up": {"uv": [0, 0, 0, 0], "texture": "#0"},
				"down": {"uv": [0, 0, 0, 0], "texture": "#0"}
			}
		},
		{
			"from": [0, 0, 0],
			"to": [2, 16, 2],
			"faces": {
				"north": {"uv": [4, 2, 4.5, 6], "texture": "#0"},
				"east": {"uv": [4.5, 2, 5, 6], "texture": "#0"},
				"south": {"uv": [5, 2, 5.5, 6], "texture": "#0"},
				"west": {"uv": [5.5, 2, 6, 6], "texture": "#0"},
				"up": {"uv": [0.5, 8.5, 0, 8], "texture": "#0"},
				"down": {"uv": [8.5, 0, 8, 0.5], "texture": "#0"}
			}
		},
		{
			"from": [0, 0, 14],
			"to": [2, 16, 16],
			"rotation": {"angle": 0, "axis": "y", "origin": [0, 0, 14]},
			"faces": {
				"north": {"uv": [6, 2, 6.5, 6], "texture": "#0"},
				"east": {"uv": [4, 6, 4.5, 10], "texture": "#0"},
				"south": {"uv": [4.5, 6, 5, 10], "texture": "#0"},
				"west": {"uv": [5, 6, 5.5, 10], "texture": "#0"},
				"up": {"uv": [1, 8.5, 0.5, 8], "texture": "#0"},
				"down": {"uv": [8.5, 0.5, 8, 1], "texture": "#0"}
			}
		},
		{
			"from": [14, 0, 0],
			"to": [16, 16, 2],
			"rotation": {"angle": 0, "axis": "y", "origin": [14, 0, 0]},
			"faces": {
				"north": {"uv": [5.5, 6, 6, 10], "texture": "#0"},
				"east": {"uv": [6, 6, 6.5, 10], "texture": "#0"},
				"south": {"uv": [6.5, 2, 7, 6], "texture": "#0"},
				"west": {"uv": [6.5, 6, 7, 10], "texture": "#0"},
				"up": {"uv": [1.5, 8.5, 1, 8], "texture": "#0"},
				"down": {"uv": [8.5, 1, 8, 1.5], "texture": "#0"}
			}
		},
		{
			"from": [14, 0, 14],
			"to": [16, 16, 16],
			"rotation": {"angle": 0, "axis": "y", "origin": [14, 0, 14]},
			"faces": {
				"north": {"uv": [7, 2, 7.5, 6], "texture": "#0"},
				"east": {"uv": [7, 6, 7.5, 10], "texture": "#0"},
				"south": {"uv": [7.5, 2, 8, 6], "texture": "#0"},
				"west": {"uv": [7.5, 6, 8, 10], "texture": "#0"},
				"up": {"uv": [2, 8.5, 1.5, 8], "texture": "#0"},
				"down": {"uv": [8.5, 1.5, 8, 2], "texture": "#0"}
			}
		},
		{
			"from": [0, 14, 0],
			"to": [16, 16, 16],
			"rotation": {"angle": 0, "axis": "y", "origin": [7, 14, 0]},
			"faces": {
				"north": {"uv": [4, 0, 8, 0.5], "texture": "#0"},
				"east": {"uv": [4, 0.5, 8, 1], "texture": "#0"},
				"south": {"uv": [4, 1, 8, 1.5], "texture": "#0"},
				"west": {"uv": [4, 1.5, 8, 2], "texture": "#0"},
				"up": {"uv": [4, 4, 0, 0], "texture": "#0"},
				"down": {"uv": [4, 4, 0, 8], "texture": "#0"}
			}
		}
	]
}