{
  "_fv": 77,
  "_type": "biome",
  "definition": {
    "name": "Dud",
    "groundBlock": {
      "value": "CUSTOM:Soooom"
    },
    "undergroundBlock": {
      "value": "CUSTOM:Imop"
    },
    "underwaterBlock": {
      "value": "CUSTOM:Tntmouse"
    },
    "waterColor": {
      "value": -13395712,
      "falpha": 0.0
    },
    "ambientSound": {
      "value": ""
    },
    "additionsSound": {
      "value": ""
    },
    "music": {
      "value": ""
    },
    "moodSound": {
      "value": ""
    },
    "moodSoundDelay": 6000,
    "spawnParticles": false,
    "particleToSpawn": {
      "value": "ASH"
    },
    "particlesProbability": 0.5,
    "rainingPossibility": 0.5,
    "temperature": 0.5,
    "spawnBiome": true,
    "spawnInCaves": false,
    "spawnBiomeNether": true,
    "genTemperature": {
      "min": -2.0,
      "max": 2.0
    },
    "genHumidity": {
      "min": -2.0,
      "max": 2.0
    },
    "genContinentalness": {
      "min": -2.0,
      "max": 2.0
    },
    "genErosion": {
      "min": -2.0,
      "max": 2.0
    },
    "genWeirdness": {
      "min": -2.0,
      "max": 2.0
    },
    "treesPerChunk": 1,
    "vanillaTreeType": "Mega spruce trees",
    "treeType": 0,
    "minHeight": 7,
    "treeStem": {
      "value": ""
    },
    "treeBranch": {
      "value": ""
    },
    "treeVines": {
      "value": ""
    },
    "treeFruits": {
      "value": ""
    },
    "defaultFeatures": [
      "Caves",
      "Ores",
      "FrozenTopLayer"
    ],
    "spawnStronghold": true,
    "spawnMineshaft": true,
    "spawnMineshaftMesa": true,
    "spawnPillagerOutpost": true,
    "villageType": "plains",
    "spawnWoodlandMansion": true,
    "spawnJungleTemple": true,
    "spawnDesertPyramid": true,
    "spawnSwampHut": true,
    "spawnIgloo": true,
    "spawnOceanMonument": true,
    "spawnShipwreck": true,
    "spawnShipwreckBeached": true,
    "spawnBuriedTreasure": true,
    "oceanRuinType": "NONE",
    "spawnNetherBridge": true,
    "spawnNetherFossil": true,
    "spawnBastionRemnant": true,
    "spawnEndCity": true,
    "spawnRuinedPortal": "NETHER",
    "spawnEntries": [
      {
        "entity": {
          "value": "CUSTOM:Dut"
        },
        "minGroup": 4,
        "maxGroup": 4,
        "weight": 20,
        "spawnType": "monster"
      },
      {
        "entity": {
          "value": "EntityArmadillo"
        },
        "minGroup": 4,
        "maxGroup": 4,
        "weight": 20,
        "spawnType": "monster"
      },
      {
        "entity": {
          "value": "EntityCod"
        },
        "minGroup": 4,
        "maxGroup": 4,
        "weight": 20,
        "spawnType": "monster"
      },
      {
        "entity": {
          "value": "EntityDonkey"
        },
        "minGroup": 4,
        "maxGroup": 4,
        "weight": 20,
        "spawnType": "monster"
      },
      {
        "entity": {
          "value": "EntityPig"
        },
        "minGroup": 4,
        "maxGroup": 4,
        "weight": 20,
        "spawnType": "monster"
      },
      {
        "entity": {
          "value": "EntitySniffer"
        },
        "minGroup": 4,
        "maxGroup": 5,
        "weight": 20,
        "spawnType": "undergroundWaterCreature"
      }
    ]
  }
}