{
  "_fv": 77,
  "_type": "tool",
  "definition": {
    "toolType": "Axe",
    "renderType": 0,
    "blockingRenderType": 0,
    "texture": "happpy",
    "customModelName": "Normal",
    "blockingModelName": "Normal blocking",
    "name": "Happpy",
    "specialInformation": {
      "fixedValue": []
    },
    "creativeTabs": [
      {
        "value": "TOOLS"
      }
    ],
    "efficiency": 11115.0,
    "attackSpeed": 30.0,
    "enchantability": 111112,
    "damageVsEntity": 34.0,
    "usageCount": 128000,
    "glowCondition": {
      "fixedValue": false
    },
    "repairItems": [],
    "immuneToFire": true,
    "blockDropsTier": "DIAMOND",
    "blocksAffected": [],
    "stayInGridWhenCrafting": false,
    "damageOnCrafting": false
  }
}