{
  "_fv": 77,
  "_type": "enchantment",
  "definition": {
    "name": "Hgdhfgfhgrfrd",
    "supportedSlots": "any",
    "weight": 58,
    "anvilCost": 300,
    "maxLevel": 158,
    "damageModifier": 0,
    "incompatibleEnchantments": [],
    "supportedItems": [
      {
        "value": "CUSTOM:Pencil"
      },
      {
        "value": "Items.DIAMOND_HOE"
      },
      {
        "value": "Blocks.DIAMOND_BLOCK"
      },
      {
        "value": "CUSTOM:Moooos"
      },
      {
        "value": "CUSTOM:Tntmouse"
      },
      {
        "value": "CUSTOM:Soooom"
      },
      {
        "value": "Blocks.WOODEN_BUTTON"
      },
      {
        "value": "Blocks.ACACIA_BUTTON"
      },
      {
        "value": "Blocks.WHEAT"
      },
      {
        "value": "Items.ARMS_UP_POTTERY_SHERD"
      }
    ],
    "isTreasureEnchantment": true,
    "isCurse": false,
    "canGenerateInLootTables": true,
    "canVillagerTrade": true
  }
}