{
  "_fv": 77,
  "_type": "tool",
  "definition": {
    "toolType": "MultiTool",
    "renderType": 0,
    "blockingRenderType": 0,
    "texture": "how",
    "customModelName": "Normal",
    "blockingModelName": "Normal blocking",
    "name": "Howtho",
    "specialInformation": {
      "fixedValue": []
    },
    "creativeTabs": [
      {
        "value": "TOOLS"
      },
      {
        "value": "BUILDING_BLOCKS"
      },
      {
        "value": "BREWING"
      },
      {
        "value": "COMBAT"
      },
      {
        "value": "FOOD"
      },
      {
        "value": "TRANSPORTATION"
      },
      {
        "value": "MATERIALS"
      },
      {
        "value": "DECORATIONS"
      },
      {
        "value": "OP_BLOCKS"
      },
      {
        "value": "REDSTONE"
      }
    ],
    "efficiency": 128000.0,
    "attackSpeed": 100.0,
    "enchantability": 128000,
    "damageVsEntity": 128000.0,
    "usageCount": 128000,
    "glowCondition": {
      "fixedValue": false
    },
    "repairItems": [],
    "immuneToFire": true,
    "blockDropsTier": "WOOD",
    "blocksAffected": [],
    "stayInGridWhenCrafting": true,
    "damageOnCrafting": true
  }
}