{
  "_fv": 77,
  "_type": "tool",
  "definition": {
    "toolType": "MultiTool",
    "renderType": 0,
    "blockingRenderType": 0,
    "texture": "pencil",
    "customModelName": "Normal",
    "blockingModelName": "Normal blocking",
    "name": "Pencil",
    "specialInformation": {
      "fixedValue": []
    },
    "creativeTabs": [
      {
        "value": "TOOLS"
      }
    ],
    "efficiency": 438.0,
    "attackSpeed": 58.0,
    "enchantability": 200,
    "damageVsEntity": 30.0,
    "usageCount": 128000,
    "glowCondition": {
      "fixedValue": false
    },
    "repairItems": [],
    "immuneToFire": true,
    "blockDropsTier": "NETHERITE",
    "blocksAffected": [],
    "stayInGridWhenCrafting": false,
    "damageOnCrafting": false
  }
}