{
  "_fv": 79,
  "_type": "dimension",
  "definition": {
    "biomesInDimension": [
      {
        "value": "CUSTOM:Bloodlands"
      },
      {
        "value": "small_end_islands"
      }
    ],
    "worldGenType": "Normal world gen",
    "mainFillerBlock": {
      "value": "CUSTOM:BloodStone"
    },
    "fluidBlock": {
      "value": "CUSTOM:Blood"
    },
    "seaLevel": 10,
    "generateOreVeins": true,
    "generateAquifers": true,
    "horizontalNoiseSize": 1,
    "verticalNoiseSize": 2,
    "defaultEffects": "overworld",
    "useCustomEffects": true,
    "hasClouds": true,
    "cloudHeight": 192.0,
    "skyType": "NONE",
    "sunHeightAffectsFog": true,
    "canRespawnHere": true,
    "hasFog": true,
    "ambientLight": 0.34,
    "doesWaterVaporize": false,
    "hasFixedTime": true,
    "fixedTimeValue": 0,
    "coordinateScale": 1.0,
    "infiniburnTag": "minecraft:infiniburn_overworld",
    "bedWorks": false,
    "hasSkyLight": true,
    "imitateOverworldBehaviour": true,
    "piglinSafe": true,
    "hasRaids": true,
    "minMonsterSpawnLightLimit": 0,
    "maxMonsterSpawnLightLimit": 7,
    "monsterSpawnBlockLightLimit": 0,
    "portalFrame": {
      "value": "Blocks.REDSTONE_BLOCK"
    },
    "portalParticles": {
      "value": "PORTAL"
    },
    "portalLuminance": 15,
    "portalSound": {
      "value": "block.portal.ambient"
    },
    "enableIgniter": true,
    "igniterName": "Bloodyhell Portal Igniter",
    "igniterRarity": "EPIC",
    "specialInformation": {
      "fixedValue": []
    },
    "creativeTabs": [
      {
        "value": "TOOLS"
      },
      {
        "value": "CUSTOM:Mytab"
      }
    ],
    "texture": "bloodkrystle",
    "portalTexture": "minecraft:red_mushroom_block",
    "enablePortal": true
  }
}