{
  "_fv": 79,
  "_type": "biome",
  "definition": {
    "name": "Bloodlands",
    "groundBlock": {
      "value": "Blocks.GRASS"
    },
    "undergroundBlock": {
      "value": "CUSTOM:BloodStone"
    },
    "underwaterBlock": {
      "value": "Blocks.BEDROCK"
    },
    "airColor": {
      "value": -3407872,
      "falpha": 0.0
    },
    "fogColor": {
      "value": -6750055,
      "falpha": 0.0
    },
    "grassColor": {
      "value": -10092544,
      "falpha": 0.0
    },
    "foliageColor": {
      "value": -52429,
      "falpha": 0.0
    },
    "waterColor": {
      "value": -16764109,
      "falpha": 0.0
    },
    "waterFogColor": {
      "value": -16724992,
      "falpha": 0.0
    },
    "ambientSound": {
      "value": ""
    },
    "additionsSound": {
      "value": ""
    },
    "music": {
      "value": "block.end_portal.spawn"
    },
    "moodSound": {
      "value": "block.note_block.imitate.creeper"
    },
    "moodSoundDelay": 6000,
    "spawnParticles": true,
    "particleToSpawn": {
      "value": "DRAGON_BREATH"
    },
    "particlesProbability": 0.1,
    "rainingPossibility": 0.5,
    "temperature": 0.5,
    "spawnBiome": true,
    "spawnInCaves": true,
    "spawnBiomeNether": true,
    "genTemperature": {
      "min": -0.5,
      "max": 0.5
    },
    "genHumidity": {
      "min": -0.5,
      "max": 0.5
    },
    "genContinentalness": {
      "min": 0.3,
      "max": 1.0
    },
    "genErosion": {
      "min": -0.5,
      "max": 0.5
    },
    "genWeirdness": {
      "min": -1.0,
      "max": 1.0
    },
    "treesPerChunk": 10,
    "vanillaTreeType": "Mega spruce trees",
    "treeType": 1,
    "minHeight": 32,
    "treeStem": {
      "value": "Blocks.FIRE"
    },
    "treeBranch": {
      "value": "Blocks.MAGMA"
    },
    "treeVines": {
      "value": "Blocks.DIAMOND_ORE"
    },
    "treeFruits": {
      "value": "CUSTOM:DriedWarlockhead"
    },
    "defaultFeatures": [
      "Caves",
      "Ores",
      "FrozenTopLayer"
    ],
    "spawnStronghold": false,
    "spawnMineshaft": false,
    "spawnMineshaftMesa": false,
    "spawnPillagerOutpost": true,
    "villageType": "taiga",
    "spawnWoodlandMansion": true,
    "spawnJungleTemple": false,
    "spawnDesertPyramid": false,
    "spawnSwampHut": false,
    "spawnIgloo": false,
    "spawnOceanMonument": true,
    "spawnShipwreck": false,
    "spawnShipwreckBeached": false,
    "spawnBuriedTreasure": false,
    "oceanRuinType": "COLD",
    "spawnNetherBridge": false,
    "spawnNetherFossil": false,
    "spawnBastionRemnant": true,
    "spawnEndCity": false,
    "spawnRuinedPortal": "SWAMP",
    "spawnEntries": [
      {
        "entity": {
          "value": "EntityGiantZombie"
        },
        "minGroup": 4,
        "maxGroup": 4,
        "weight": 20,
        "spawnType": "monster"
      }
    ]
  }
}