{
  "_fv": 79,
  "_type": "enchantment",
  "definition": {
    "name": "Fulminis",
    "supportedSlots": "any",
    "weight": 11,
    "anvilCost": 40,
    "maxLevel": 5,
    "damageModifier": 0,
    "incompatibleEnchantments": [
      {
        "value": "CHANNELING"
      }
    ],
    "supportedItems": [
      {
        "value": "Items.DIAMOND_SWORD"
      },
      {
        "value": "Items.BOW"
      },
      {
        "value": "Items.NETHERITE_SWORD"
      },
      {
        "value": "Items.GOLDEN_SWORD"
      },
      {
        "value": "Items.IRON_SWORD"
      },
      {
        "value": "Items.STONE_SWORD"
      },
      {
        "value": "Items.WOODEN_SWORD"
      }
    ],
    "isTreasureEnchantment": false,
    "isCurse": false,
    "canGenerateInLootTables": true,
    "canVillagerTrade": true
  }
}