{
  "_fv": 79,
  "_type": "potion",
  "definition": {
    "potionName": "Potion of Fun Surprise",
    "splashName": "Splash Potion of Fun Surprise",
    "lingeringName": "Lingering Potion of Fun Surprise",
    "arrowName": "Arrow of Fun Surprise",
    "effects": [
      {
        "effect": {
          "value": "CUSTOM:Oww"
        },
        "duration": 200,
        "infinite": false,
        "amplifier": 0,
        "ambient": true,
        "showParticles": true
      },
      {
        "effect": {
          "value": "GLOWING"
        },
        "duration": 100,
        "infinite": false,
        "amplifier": 0,
        "ambient": true,
        "showParticles": true
      }
    ]
  }
}