{
  "_fv": 79,
  "_type": "recipe",
  "definition": {
    "recipeType": "Crafting",
    "recipeRetstackSize": 32,
    "group": "",
    "unlockingItems": [],
    "cookingBookCategory": "MISC",
    "xpReward": 0.0,
    "cookingTime": 200,
    "craftingBookCategory": "MISC",
    "recipeShapeless": false,
    "recipeSlots": [
      {
        "value": "Blocks.GOLD_BLOCK"
      },
      {
        "value": "Items.END_CRYSTAL"
      },
      {
        "value": "Blocks.GOLD_BLOCK"
      },
      {
        "value": "Items.END_CRYSTAL"
      },
      {
        "value": "Blocks.AMETHYST_CLUSTER"
      },
      {
        "value": "Items.END_CRYSTAL"
      },
      {
        "value": "Blocks.GOLD_BLOCK"
      },
      {
        "value": "Items.END_CRYSTAL"
      },
      {
        "value": "Blocks.GOLD_BLOCK"
      }
    ],
    "recipeReturnStack": {
      "value": "CUSTOM:Hellfirebomb"
    },
    "name": "hel",
    "namespace": "mod"
  }
}