{
  "_fv": 79,
  "_type": "projectile",
  "definition": {
    "projectileItem": {
      "value": "Items.DEBUG_STICK"
    },
    "showParticles": true,
    "actionSound": {
      "value": "entity.arrow.shoot"
    },
    "igniteFire": true,
    "disableGravity": true,
    "power": 1.0,
    "damage": 5.0,
    "knockback": 5,
    "entityModel": "Default",
    "customModelTexture": "",
    "modelWidth": 0.5,
    "modelHeight": 0.5,
    "onHitsBlock": {
      "name": "OwwOnEffectActiveTick"
    },
    "onHitsPlayer": {
      "name": "OwwOnEffectActiveTick"
    },
    "onHitsEntity": {
      "name": "OwwOnEffectActiveTick"
    },
    "onFlyingTick": {
      "name": "OwwOnEffectActiveTick"
    }
  }
}