{
  "_fv": 79,
  "_type": "procedure",
  "definition": {
    "procedurexml": "<xml xmlns=\"https://developers.google.com/blockly/xml\"><block type=\"event_trigger\" deletable=\"false\" x=\"-83\" y=\"23\"><field name=\"trigger\">entity_attacked</field><next><block type=\"controls_if\"><value name=\"IF0\"><block type=\"itemstack_has_enchantment\"><field name=\"enhancement\">CUSTOM:Killyou</field><value name=\"item\"><block type=\"entity_iteminhand\"><value name=\"entity\"><block type=\"source_entity_from_deps\"></block></value></block></value></block></value><statement name=\"DO0\"><block type=\"entity_add_potion\"><field name=\"potion\">POISON</field><value name=\"level\"><block type=\"math_number\"><field name=\"NUM\">2</field></block></value><value name=\"duration\"><block type=\"math_number\"><field name=\"NUM\">200</field></block></value><value name=\"entity\"><block type=\"entity_from_deps\"></block></value></block></statement></block></next></block></xml>",
    "skipDependencyNullCheck": false
  }
}