{
  "_fv": 79,
  "_type": "procedure",
  "definition": {
    "procedurexml": "<xml xmlns=\"https://developers.google.com/blockly/xml\"><block type=\"event_trigger\" deletable=\"false\" x=\"53\" y=\"28\"><field name=\"trigger\">no_ext_trigger</field><next><block type=\"spawn_gem\"><field name=\"despawn\">TRUE</field><value name=\"block\"><block type=\"mcitem_all\"><field name=\"value\">Blocks.GRASS_PATH</field></block></value><value name=\"x\"><block type=\"coord_x\"></block></value><value name=\"y\"><block type=\"coord_y\"></block></value><value name=\"z\"><block type=\"coord_z\"></block></value><value name=\"pickUpDelay\"><block type=\"math_number\"><field name=\"NUM\">10</field></block></value></block></next></block></xml>",
    "skipDependencyNullCheck": false
  }
}