{
  "_fv": 79,
  "_type": "plant",
  "definition": {
    "renderType": 13,
    "texture": "fghj",
    "textureBottom": "",
    "customModelName": "Crop model",
    "itemTexture": "pi",
    "particleTexture": "minecraft:cartography_table_side2",
    "tintType": "Grass",
    "isItemTinted": true,
    "plantType": "growapable",
    "suspiciousStewEffect": "RAID_OMEN",
    "suspiciousStewDuration": 100,
    "secondaryTreeChance": 0.1,
    "trees": [
      null,
      null
    ],
    "flowerTrees": [
      null,
      null
    ],
    "megaTrees": [
      null,
      null
    ],
    "growapableSpawnType": "Plains",
    "growapableMaxHeight": 14,
    "customBoundingBox": false,
    "disableOffset": false,
    "boundingBoxes": [
      {
        "mx": 0.0,
        "my": 0.0,
        "mz": 0.0,
        "Mx": 16.0,
        "My": 16.0,
        "Mz": 16.0,
        "subtract": false
      }
    ],
    "name": "MOONgrass",
    "specialInformation": {
      "fixedValue": []
    },
    "creativeTabs": [
      {
        "value": "DECORATIONS"
      },
      {
        "value": "CUSTOM:Mytab"
      }
    ],
    "hardness": 0.0,
    "resistance": 0.0,
    "luminance": 0,
    "unbreakable": false,
    "isSolid": false,
    "isWaterloggable": false,
    "hasBlockItem": true,
    "maxStackSize": 64,
    "rarity": "RARE",
    "immuneToFire": false,
    "isCustomSoundType": false,
    "soundOnStep": {
      "value": "PLANT"
    },
    "breakSound": {
      "value": ""
    },
    "stepSound": {
      "value": ""
    },
    "placeSound": {
      "value": ""
    },
    "hitSound": {
      "value": ""
    },
    "fallSound": {
      "value": ""
    },
    "useLootTableForDrops": false,
    "customDrop": {
      "value": ""
    },
    "dropAmount": 1,
    "forceTicking": false,
    "emissiveRendering": true,
    "hasTileEntity": false,
    "isReplaceable": true,
    "colorOnMap": "FOLIAGE",
    "creativePickItem": {
      "value": ""
    },
    "offsetType": "NONE",
    "aiPathNodeType": "DEFAULT",
    "ignitedByLava": false,
    "flammability": 100,
    "fireSpreadSpeed": 60,
    "jumpFactor": 1.0,
    "speedFactor": 1.0,
    "canBePlacedOn": [],
    "isBonemealable": true,
    "frequencyOnChunks": 14,
    "generateFeature": true,
    "restrictionBiomes": [],
    "generationType": "Grass",
    "patchSize": 73,
    "generateAtAnyHeight": true
  }
}