{
  "_fv": 79,
  "_type": "procedure",
  "definition": {
    "procedurexml": "<xml xmlns=\"https://developers.google.com/blockly/xml\"><variables><variable type=\"Boolean\" id=\"found\">found</variable><variable type=\"Number\" id=\"sx\">sx</variable><variable type=\"Number\" id=\"sy\">sy</variable><variable type=\"Number\" id=\"sz\">sz</variable></variables><block type=\"event_trigger\" deletable=\"false\" x=\"40\" y=\"40\"><field name=\"trigger\">no_ext_trigger</field><next><block type=\"controls_if\"><value name=\"IF0\"><block type=\"compare_mcblocks\"><comment pinned=\"false\" h=\"53\" w=\"157\">Checks for a block at the current variable location.</comment><value name=\"a\"><block type=\"world_data_blockat\"><value name=\"x\"><block type=\"coord_x\"></block></value><value name=\"y\"><block type=\"math_dual_ops\"><field name=\"OP\">MINUS</field><value name=\"A\"><block type=\"coord_y\"></block></value><value name=\"B\"><block type=\"math_number\"><field name=\"NUM\">1</field></block></value></block></value><value name=\"z\"><block type=\"coord_z\"></block></value></block></value><value name=\"b\"><block type=\"mcitem_allblocks\"><field name=\"value\">CUSTOM:DriedWarlockhead</field></block></value></block></value><statement name=\"DO0\"><block type=\"block_remove\"><value name=\"x\"><block type=\"coord_x\"></block></value><value name=\"y\"><block type=\"coord_y\"></block></value><value name=\"z\"><block type=\"coord_z\"></block></value><next><block type=\"block_remove\"><value name=\"x\"><block type=\"coord_x\"></block></value><value name=\"y\"><block type=\"math_dual_ops\"><field name=\"OP\">MINUS</field><value name=\"A\"><block type=\"coord_y\"></block></value><value name=\"B\"><block type=\"math_number\"><field name=\"NUM\">2</field></block></value></block></value><value name=\"z\"><block type=\"coord_z\"></block></value><next><block type=\"spawn_entity\"><field name=\"entity\">CUSTOM:OldWarlock</field><value name=\"x\"><block type=\"coord_x\"></block></value><value name=\"y\"><block type=\"coord_y\"></block></value><value name=\"z\"><block type=\"coord_z\"></block></value></block></next></block></next></block></statement><next><block type=\"controls_if\"><value name=\"IF0\"><block type=\"compare_mcblocks\"><comment pinned=\"false\" h=\"53\" w=\"157\">Checks for a block at the current variable location.</comment><value name=\"a\"><block type=\"world_data_blockat\"><value name=\"x\"><block type=\"coord_x\"></block></value><value name=\"y\"><block type=\"math_dual_ops\"><field name=\"OP\">MINUS</field><value name=\"A\"><block type=\"coord_y\"></block></value><value name=\"B\"><block type=\"math_number\"><field name=\"NUM\">2</field></block></value></block></value><value name=\"z\"><block type=\"coord_z\"></block></value></block></value><value name=\"b\"><block type=\"mcitem_allblocks\"><field name=\"value\">CUSTOM:DriedWarlockhead</field></block></value></block></value><statement name=\"DO0\"><block type=\"block_remove\"><value name=\"x\"><block type=\"coord_x\"></block></value><value name=\"y\"><block type=\"math_dual_ops\"><field name=\"OP\">MINUS</field><value name=\"A\"><block type=\"coord_y\"></block></value><value name=\"B\"><block type=\"math_number\"><field name=\"NUM\">2</field></block></value></block></value><value name=\"z\"><block type=\"coord_z\"></block></value></block></statement></block></next></block></next></block></xml>",
    "skipDependencyNullCheck": false
  }
}