{
  "_fv": 79,
  "_type": "potioneffect",
  "definition": {
    "effectName": "Oww-it's raining arrows",
    "icon": "arrrew",
    "color": {
      "value": -8716033,
      "falpha": 0.0
    },
    "particle": {
      "value": "BUBBLE_COLUMN_UP"
    },
    "onAddedSound": {
      "value": "entity.arrow.shoot"
    },
    "isInstant": false,
    "mobEffectCategory": "HARMFUL",
    "renderStatusInInventory": true,
    "renderStatusInHUD": true,
    "isCuredbyHoney": false,
    "modifiers": [],
    "onActiveTick": {
      "name": "OwwOnEffectActiveTick"
    }
  }
}