{
  "_fv": 79,
  "_type": "item",
  "definition": {
    "renderType": 0,
    "texture": "unholywater",
    "customModelName": "Tool",
    "guiTexture": "",
    "customProperties": {},
    "states": [],
    "name": "Unholywater",
    "rarity": "RARE",
    "creativeTabs": [
      {
        "value": "CUSTOM:Mytab"
      }
    ],
    "stackSize": 20,
    "enchantability": 0,
    "useDuration": 32,
    "toolType": 1.0,
    "damageCount": 0,
    "recipeRemainder": {
      "value": ""
    },
    "destroyAnyBlock": false,
    "immuneToFire": false,
    "stayInGridWhenCrafting": false,
    "damageOnCrafting": false,
    "enableMeleeDamage": false,
    "damageVsEntity": 1.0,
    "specialInformation": {
      "fixedValue": []
    },
    "glowCondition": {
      "fixedValue": false
    },
    "inventorySize": 9,
    "inventoryStackSize": 99,
    "enableRanged": false,
    "shootConstantly": false,
    "rangedItemChargesPower": false,
    "projectile": {
      "value": "Arrow"
    },
    "projectileDisableAmmoCheck": false,
    "isFood": true,
    "nutritionalValue": 35,
    "saturation": 3.0,
    "eatResultItem": {
      "value": "Items.GLASS_BOTTLE"
    },
    "isMeat": false,
    "isAlwaysEdible": true,
    "animation": "drink",
    "isMusicDisc": true,
    "musicDiscMusic": {
      "value": "ambient.basalt_deltas.additions"
    },
    "musicDiscDescription": "this is food you dolt",
    "musicDiscLengthInTicks": 100,
    "musicDiscAnalogOutput": 0,
    "providedBannerPatterns": []
  }
}