{
  "description": {
    "translate": "enchantment.jeremy_h.bloodenchantment"
  },
  "supported_items": [
    "minecraft:netherite_sword",
    "jeremy_h:blooddimmond"
  ],
  "weight": 255,
  "max_level": 255,
  "min_cost": {
    "base": 1,
    "per_level_above_first": 10
  },
  "max_cost": {
    "base": 6,
    "per_level_above_first": 10
  },
  "anvil_cost": 6,
  "slots": [
    "mainhand"
  ],
  "exclusive_set": "sharpness",
  "effects": {
    "minecraft:damage_protection": [
      {
        "effect": {
          "type": "minecraft:add",
          "value": {
            "type": "minecraft:linear",
            "base": 5,
            "per_level_above_first": 5
          }
        }
      }
    ]
  }
}