{
  "has_precipitation": true,
  "temperature": 0.5,
  "downfall": 0.5,
  "effects": {
    "ambient_sound": "music_disc.precipice",
    "music": [
      {
        "weight": 1,
        "data": {
          "sound": "block.amethyst_block.break",
          "min_delay": 12000,
          "max_delay": 24000,
          "replace_current_music": true
        }
      }
    ],
    "particle": {
      "options": {
        "type": "snowflake"
      },
      "probability": 0.005
    },
    "foliage_color": -6723841,
    "grass_color": -13421569,
    "sky_color": -16777216,
    "fog_color": -16764109,
    "water_color": -16777114,
    "water_fog_color": -13434778
  },
  "spawners": {
    "monster": [],
    "creature": [
      {
        "type": "cow",
        "weight": 20,
        "minCount": 4,
        "maxCount": 4
      },
      {
        "type": "pig",
        "weight": 20,
        "minCount": 4,
        "maxCount": 4
      },
      {
        "type": "sheep",
        "weight": 20,
        "minCount": 4,
        "maxCount": 4
      }
    ],
    "ambient": [],
    "axolotls": [],
    "underground_water_creature": [],
    "water_creature": [],
    "water_ambient": [],
    "misc": []
  },
  "spawn_costs": {},
  "carvers": [
    "minecraft:cave",
    "minecraft:cave_extra_underground",
    "minecraft:canyon"
  ],
  "features": [
    [],
    [
      "minecraft:lake_lava_underground"
    ],
    [],
    [],
    [],
    [],
    [
      "minecraft:ore_coal_upper",
      "minecraft:ore_coal_lower",
      "minecraft:ore_iron_upper",
      "minecraft:ore_iron_middle",
      "minecraft:ore_iron_small",
      "minecraft:ore_gold",
      "minecraft:ore_gold_lower",
      "minecraft:ore_redstone",
      "minecraft:ore_redstone_lower",
      "minecraft:ore_diamond",
      "minecraft:ore_diamond_medium",
      "minecraft:ore_diamond_large",
      "minecraft:ore_diamond_buried",
      "minecraft:ore_lapis",
      "minecraft:ore_lapis_buried",
      "minecraft:ore_copper",
      "minecraft:underwater_magma"
    ],
    [],
    [],
    [
      "sterling_:frozen_desert_tree"
    ],
    [
      "minecraft:freeze_top_layer"
    ]
  ]
}