{
  "description": {
    "translate": "enchantment.alvin.reflect"
  },
  "supported_items": "minecraft:shield",
  "weight": 10,
  "max_level": 3,
  "min_cost": {
    "base": 1,
    "per_level_above_first": 10
  },
  "max_cost": {
    "base": 6,
    "per_level_above_first": 10
  },
  "anvil_cost": 1,
  "slots": [
    "any"
  ],
  "exclusive_set": [],
  "effects": {
    "minecraft:damage_protection": [
      {
        "effect": {
          "type": "minecraft:add",
          "value": {
            "type": "minecraft:linear",
            "base": 100,
            "per_level_above_first": 100
          }
        }
      }
    ]
  }
}