{
  "has_precipitation": true,
  "temperature": 0.5,
  "downfall": 0.5,
  "effects": {
    "ambient_sound": "entity.warden.heartbeat",
    "mood_sound": {
      "sound": "entity.warden.attack_impact",
      "tick_delay": 6000,
      "offset": 8,
      "block_search_extent": 2
    },
    "additions_sound": {
      "sound": "entity.warden.listening_angry",
      "tick_chance": 0.0111
    },
    "music": [
      {
        "weight": 1,
        "data": {
          "sound": "entity.warden.emerge",
          "min_delay": 12000,
          "max_delay": 24000,
          "replace_current_music": true
        }
      }
    ],
    "particle": {
      "options": {
        "type": "ash"
      },
      "probability": 0.005
    },
    "foliage_color": -16751053,
    "grass_color": -16751053,
    "sky_color": 7972607,
    "fog_color": -16751053,
    "water_color": -16751053,
    "water_fog_color": -16751053
  },
  "spawners": {
    "monster": [
      {
        "type": "drowned",
        "weight": 20,
        "minCount": 100,
        "maxCount": 101
      },
      {
        "type": "giant",
        "weight": 20,
        "minCount": 20,
        "maxCount": 21
      },
      {
        "type": "zombie_villager",
        "weight": 20,
        "minCount": 50,
        "maxCount": 51
      },
      {
        "type": "alvin:soldier",
        "weight": 20,
        "minCount": 18,
        "maxCount": 200
      },
      {
        "type": "pillager",
        "weight": 20,
        "minCount": 200,
        "maxCount": 400
      },
      {
        "type": "warden",
        "weight": 20,
        "minCount": 200,
        "maxCount": 201
      }
    ],
    "creature": [],
    "ambient": [],
    "axolotls": [],
    "underground_water_creature": [],
    "water_creature": [],
    "water_ambient": [],
    "misc": []
  },
  "spawn_costs": {},
  "carvers": [],
  "features": [
    [],
    [],
    [],
    [],
    [],
    [],
    [],
    [],
    [],
    [
      "alvin:zombify_tree"
    ],
    [
      "minecraft:freeze_top_layer"
    ]
  ]
}