{
  "_fv": 79,
  "_type": "procedure",
  "definition": {
    "procedurexml": "<xml xmlns=\"https://developers.google.com/blockly/xml\"><block type=\"event_trigger\" deletable=\"false\" x=\"-305\" y=\"-50\"><field name=\"trigger\">no_ext_trigger</field><next><block type=\"projectile_shoot_from_pos\" inline=\"false\"><value name=\"projectile\"><block type=\"projectiles_arrow\" inline=\"false\"><field name=\"projectile\">CUSTOM:Bullet</field><field name=\"fire\">FALSE</field><field name=\"particles\">FALSE</field><field name=\"pickup\">DISALLOWED</field><value name=\"damage\"><block type=\"math_number\"><field name=\"NUM\">10</field></block></value><value name=\"knockback\"><block type=\"math_number\"><field name=\"NUM\">10</field></block></value><value name=\"piercing\"><block type=\"math_number\"><field name=\"NUM\">10</field></block></value><value name=\"shooter\"><block type=\"entity_none\"></block></value></block></value><value name=\"x\"><block type=\"entity_pos_x\"><value name=\"entity\"><block type=\"entity_from_deps\"></block></value></block></value><value name=\"y\"><block type=\"math_dual_ops\"><field name=\"OP\">ADD</field><value name=\"A\"><block type=\"entity_pos_y\"><value name=\"entity\"><block type=\"entity_from_deps\"></block></value></block></value><value name=\"B\"><block type=\"math_number\"><field name=\"NUM\">7</field></block></value></block></value><value name=\"z\"><block type=\"entity_pos_z\"><value name=\"entity\"><block type=\"entity_from_deps\"></block></value></block></value><value name=\"dx\"><block type=\"math_number\"><field name=\"NUM\">0</field></block></value><value name=\"dy\"><block type=\"direction_offset_y\"><value name=\"direction\"><block type=\"entity_direction_value\"><value name=\"entity\"><block type=\"entity_from_deps\"></block></value></block></value></block></value><value name=\"dz\"><block type=\"math_number\"><field name=\"NUM\">0</field></block></value><value name=\"speed\"><block type=\"math_number\"><field name=\"NUM\">1</field></block></value><value name=\"inaccuracy\"><block type=\"math_number\"><field name=\"NUM\">0</field></block></value></block></next></block></xml>",
    "skipDependencyNullCheck": false
  }
}