{
  "_fv": 79,
  "_type": "enchantment",
  "definition": {
    "name": "Defense",
    "supportedSlots": "any",
    "weight": 10,
    "anvilCost": 1,
    "maxLevel": 10,
    "damageModifier": 0,
    "incompatibleEnchantments": [],
    "supportedItems": [
      {
        "value": "Items.SHIELD"
      },
      {
        "value": "Items.NETHERITE_HELMET"
      },
      {
        "value": "Items.NETHERITE_CHESTPLATE"
      },
      {
        "value": "Items.NETHERITE_LEGGINGS"
      },
      {
        "value": "Items.NETHERITE_BOOTS"
      }
    ],
    "isTreasureEnchantment": false,
    "isCurse": false,
    "canGenerateInLootTables": true,
    "canVillagerTrade": true
  }
}