{
  "_fv": 79,
  "_type": "biome",
  "definition": {
    "name": "Pine Forest",
    "groundBlock": {
      "value": "CUSTOM:PineForestDirtBlock"
    },
    "undergroundBlock": {
      "value": "Blocks.DIRT#1"
    },
    "underwaterBlock": {
      "value": "CUSTOM:PineForestClay"
    },
    "fogColor": {
      "value": -6710887,
      "falpha": 0.0
    },
    "grassColor": {
      "value": -16751104,
      "falpha": 0.0
    },
    "waterColor": {
      "value": -16737844,
      "falpha": 0.0
    },
    "ambientSound": {
      "value": ""
    },
    "additionsSound": {
      "value": ""
    },
    "music": {
      "value": "music.menu"
    },
    "moodSound": {
      "value": ""
    },
    "moodSoundDelay": 6000,
    "spawnParticles": false,
    "particleToSpawn": {
      "value": "CLOUD"
    },
    "particlesProbability": 0.5,
    "rainingPossibility": 0.5,
    "temperature": 0.5,
    "spawnBiome": true,
    "spawnInCaves": false,
    "spawnBiomeNether": false,
    "genTemperature": {
      "min": -0.5,
      "max": 0.5
    },
    "genHumidity": {
      "min": -0.5,
      "max": 0.5
    },
    "genContinentalness": {
      "min": 0.3,
      "max": 1.0
    },
    "genErosion": {
      "min": -0.5,
      "max": 0.5
    },
    "genWeirdness": {
      "min": -1.0,
      "max": 1.0
    },
    "treesPerChunk": 1,
    "vanillaTreeType": "Big trees",
    "treeType": 1,
    "minHeight": 15,
    "treeStem": {
      "value": "CUSTOM:PineTreeWoodBlock"
    },
    "treeBranch": {
      "value": "CUSTOM:PineForestLeaves"
    },
    "treeVines": {
      "value": ""
    },
    "treeFruits": {
      "value": ""
    },
    "defaultFeatures": [
      "Caves",
      "Ores",
      "FrozenTopLayer"
    ],
    "spawnStronghold": true,
    "spawnMineshaft": true,
    "spawnMineshaftMesa": false,
    "spawnPillagerOutpost": true,
    "villageType": "taiga",
    "spawnWoodlandMansion": false,
    "spawnJungleTemple": true,
    "spawnDesertPyramid": false,
    "spawnSwampHut": true,
    "spawnIgloo": false,
    "spawnOceanMonument": false,
    "spawnShipwreck": false,
    "spawnShipwreckBeached": false,
    "spawnBuriedTreasure": true,
    "oceanRuinType": "NONE",
    "spawnNetherBridge": false,
    "spawnNetherFossil": false,
    "spawnBastionRemnant": false,
    "spawnEndCity": false,
    "spawnRuinedPortal": "JUNGLE",
    "spawnEntries": [
      {
        "entity": {
          "value": "EntityOcelot"
        },
        "minGroup": 1,
        "maxGroup": 1,
        "weight": 20,
        "spawnType": "creature"
      },
      {
        "entity": {
          "value": "EntityWolf"
        },
        "minGroup": 4,
        "maxGroup": 4,
        "weight": 30,
        "spawnType": "creature"
      },
      {
        "entity": {
          "value": "EntityFox"
        },
        "minGroup": 4,
        "maxGroup": 4,
        "weight": 30,
        "spawnType": "creature"
      },
      {
        "entity": {
          "value": "EntityWanderingTrader"
        },
        "minGroup": 1,
        "maxGroup": 1,
        "weight": 10,
        "spawnType": "creature"
      },
      {
        "entity": {
          "value": "EntityFrog"
        },
        "minGroup": 4,
        "maxGroup": 4,
        "weight": 20,
        "spawnType": "creature"
      }
    ]
  }
}