{
  "_fv": 79,
  "_type": "potioneffect",
  "definition": {
    "effectName": "Potion of arrows",
    "icon": "potionofarrows1",
    "color": {
      "value": -1,
      "falpha": 0.0
    },
    "onAddedSound": {
      "value": "block.bone_block.break"
    },
    "isInstant": false,
    "mobEffectCategory": "HARMFUL",
    "renderStatusInInventory": true,
    "renderStatusInHUD": true,
    "isCuredbyHoney": true,
    "modifiers": [],
    "onStarted": {
      "name": "PotionofarrowsEffectStartedapplied"
    },
    "onActiveTick": {
      "name": "PotionofarrowsEffectStartedapplied"
    }
  }
}