{
  "_fv": 79,
  "_type": "potion",
  "definition": {
    "potionName": "Potion of Potion Of Arrowss",
    "splashName": "Splash Potion of Potion Of Arrowss",
    "lingeringName": "Lingering Potion of Potion Of Arrowss",
    "arrowName": "Arrow of Potion Of Arrowss",
    "effects": [
      {
        "effect": {
          "value": "CUSTOM:Potionofarrows"
        },
        "duration": 3600,
        "infinite": false,
        "amplifier": 0,
        "ambient": false,
        "showParticles": false
      }
    ]
  }
}