{
  "_fv": 79,
  "_type": "enchantment",
  "definition": {
    "name": "Super Strike",
    "supportedSlots": "any",
    "weight": 10,
    "anvilCost": 1,
    "maxLevel": 4,
    "damageModifier": 0,
    "incompatibleEnchantments": [],
    "supportedItems": [
      {
        "value": "CUSTOM:FireSword1"
      },
      {
        "value": "Items.NETHERITE_SWORD"
      }
    ],
    "isTreasureEnchantment": false,
    "isCurse": false,
    "canGenerateInLootTables": true,
    "canVillagerTrade": true
  }
}