{
  "description": {
    "translate": "enchantment.alex.getcooked"
  },
  "supported_items": [
    "minecraft:netherite_sword",
    "minecraft:wooden_sword",
    "minecraft:stone_sword",
    "minecraft:iron_sword",
    "minecraft:golden_sword",
    "minecraft:diamond_sword"
  ],
  "weight": 10,
  "max_level": 4,
  "min_cost": {
    "base": 1,
    "per_level_above_first": 10
  },
  "max_cost": {
    "base": 6,
    "per_level_above_first": 10
  },
  "anvil_cost": 1,
  "slots": [
    "any"
  ],
  "exclusive_set": []
}