{
  "format_version": "1.21.6",
  "credit": "Made with Blockbench",
  "elements": [
    {
      "from": [
        7,
        0,
        7
      ],
      "to": [
        9,
        9,
        9
      ],
      "rotation": {
        "angle": 0,
        "axis": "x",
        "origin": [
          6,
          0,
          7
        ]
      },
      "faces": {
        "north": {
          "uv": [
            0,
            0,
            2,
            9
          ],
          "texture": "#0"
        },
        "east": {
          "uv": [
            2,
            0,
            4,
            9
          ],
          "texture": "#0"
        },
        "south": {
          "uv": [
            4,
            0,
            6,
            9
          ],
          "texture": "#0"
        },
        "west": {
          "uv": [
            6,
            0,
            8,
            9
          ],
          "texture": "#0"
        },
        "up": {
          "uv": [
            8,
            11,
            6,
            9
          ],
          "texture": "#0"
        },
        "down": {
          "uv": [
            12,
            4,
            10,
            6
          ],
          "texture": "#0"
        }
      }
    },
    {
      "from": [
        7,
        9,
        5
      ],
      "to": [
        9,
        11,
        11
      ],
      "rotation": {
        "angle": 0,
        "axis": "y",
        "origin": [
          7,
          9,
          7
        ]
      },
      "faces": {
        "north": {
          "uv": [
            2,
            9,
            4,
            11
          ],
          "texture": "#0"
        },
        "east": {
          "uv": [
            8,
            0,
            14,
            2
          ],
          "texture": "#0"
        },
        "south": {
          "uv": [
            4,
            9,
            6,
            11
          ],
          "texture": "#0"
        },
        "west": {
          "uv": [
            8,
            2,
            14,
            4
          ],
          "texture": "#0"
        },
        "up": {
          "uv": [
            10,
            10,
            8,
            4
          ],
          "texture": "#0"
        },
        "down": {
          "uv": [
            2,
            9,
            0,
            15
          ],
          "texture": "#0"
        }
      }
    }
  ],
  "display": {
    "thirdperson_righthand": {
      "translation": [
        0,
        3.75,
        1.25
      ]
    },
    "firstperson_righthand": {
      "translation": [
        0,
        2.5,
        0
      ]
    }
  }
}