{
  "format_version": "1.21.6",
  "credit": "Made with Blockbench",
  "texture_size": [
    64,
    64
  ],
  "elements": [
    {
      "from": [
        14,
        0,
        14
      ],
      "to": [
        16,
        11,
        16
      ],
      "rotation": {
        "angle": 0,
        "axis": "y",
        "origin": [
          14,
          0,
          14
        ]
      },
      "faces": {
        "north": {
          "uv": [
            2.5,
            8,
            3,
            10.75
          ],
          "texture": "#0"
        },
        "east": {
          "uv": [
            3,
            8,
            3.5,
            10.75
          ],
          "texture": "#0"
        },
        "south": {
          "uv": [
            3.5,
            8,
            4,
            10.75
          ],
          "texture": "#0"
        },
        "west": {
          "uv": [
            4,
            8,
            4.5,
            10.75
          ],
          "texture": "#0"
        },
        "up": {
          "uv": [
            8.75,
            4.75,
            8.25,
            4.25
          ],
          "texture": "#0"
        },
        "down": {
          "uv": [
            8.75,
            4.75,
            8.25,
            5.25
          ],
          "texture": "#0"
        }
      }
    },
    {
      "from": [
        0,
        0,
        14
      ],
      "to": [
        2,
        11,
        16
      ],
      "rotation": {
        "angle": 0,
        "axis": "y",
        "origin": [
          0,
          0,
          14
        ]
      },
      "faces": {
        "north": {
          "uv": [
            4.5,
            8,
            5,
            10.75
          ],
          "texture": "#0"
        },
        "east": {
          "uv": [
            5,
            8,
            5.5,
            10.75
          ],
          "texture": "#0"
        },
        "south": {
          "uv": [
            5.5,
            8,
            6,
            10.75
          ],
          "texture": "#0"
        },
        "west": {
          "uv": [
            6,
            8,
            6.5,
            10.75
          ],
          "texture": "#0"
        },
        "up": {
          "uv": [
            9.25,
            4.75,
            8.75,
            4.25
          ],
          "texture": "#0"
        },
        "down": {
          "uv": [
            9.25,
            4.75,
            8.75,
            5.25
          ],
          "texture": "#0"
        }
      }
    },
    {
      "from": [
        0,
        0,
        0
      ],
      "to": [
        2,
        11,
        2
      ],
      "faces": {
        "north": {
          "uv": [
            8,
            6.25,
            8.5,
            9
          ],
          "texture": "#0"
        },
        "east": {
          "uv": [
            6.5,
            8,
            7,
            10.75
          ],
          "texture": "#0"
        },
        "south": {
          "uv": [
            7,
            8,
            7.5,
            10.75
          ],
          "texture": "#0"
        },
        "west": {
          "uv": [
            7.5,
            8,
            8,
            10.75
          ],
          "texture": "#0"
        },
        "up": {
          "uv": [
            8.5,
            9.5,
            8,
            9
          ],
          "texture": "#0"
        },
        "down": {
          "uv": [
            9,
            9,
            8.5,
            9.5
          ],
          "texture": "#0"
        }
      }
    },
    {
      "from": [
        14,
        0,
        0
      ],
      "to": [
        16,
        11,
        2
      ],
      "rotation": {
        "angle": 0,
        "axis": "y",
        "origin": [
          14,
          0,
          0
        ]
      },
      "faces": {
        "north": {
          "uv": [
            8.25,
            1.5,
            8.75,
            4.25
          ],
          "texture": "#0"
        },
        "east": {
          "uv": [
            8.5,
            6.25,
            9,
            9
          ],
          "texture": "#0"
        },
        "south": {
          "uv": [
            8.75,
            1.5,
            9.25,
            4.25
          ],
          "texture": "#0"
        },
        "west": {
          "uv": [
            9,
            6.25,
            9.5,
            9
          ],
          "texture": "#0"
        },
        "up": {
          "uv": [
            9.5,
            9.5,
            9,
            9
          ],
          "texture": "#0"
        },
        "down": {
          "uv": [
            9.75,
            1.5,
            9.25,
            2
          ],
          "texture": "#0"
        }
      }
    },
    {
      "from": [
        0,
        9,
        0
      ],
      "to": [
        16,
        11,
        16
      ],
      "rotation": {
        "angle": 0,
        "axis": "y",
        "origin": [
          11,
          9,
          14
        ]
      },
      "faces": {
        "north": {
          "uv": [
            4,
            7.5,
            8,
            8
          ],
          "texture": "#0"
        },
        "east": {
          "uv": [
            7.75,
            0,
            11.75,
            0.5
          ],
          "texture": "#0"
        },
        "south": {
          "uv": [
            7.75,
            0.5,
            11.75,
            1
          ],
          "texture": "#0"
        },
        "west": {
          "uv": [
            7.75,
            1,
            11.75,
            1.5
          ],
          "texture": "#0"
        },
        "up": {
          "uv": [
            4,
            4,
            0,
            0
          ],
          "texture": "#0"
        },
        "down": {
          "uv": [
            4,
            4,
            0,
            8
          ],
          "texture": "#0"
        }
      }
    },
    {
      "from": [
        14,
        11,
        0
      ],
      "to": [
        16,
        26,
        2
      ],
      "rotation": {
        "angle": 0,
        "axis": "y",
        "origin": [
          14,
          11,
          0
        ]
      },
      "faces": {
        "north": {
          "uv": [
            0.5,
            8,
            1,
            11.75
          ],
          "texture": "#0"
        },
        "east": {
          "uv": [
            1,
            8,
            1.5,
            11.75
          ],
          "texture": "#0"
        },
        "south": {
          "uv": [
            1.5,
            8,
            2,
            11.75
          ],
          "texture": "#0"
        },
        "west": {
          "uv": [
            2,
            8,
            2.5,
            11.75
          ],
          "texture": "#0"
        },
        "up": {
          "uv": [
            9.75,
            2.5,
            9.25,
            2
          ],
          "texture": "#0"
        },
        "down": {
          "uv": [
            9.75,
            2.5,
            9.25,
            3
          ],
          "texture": "#0"
        }
      }
    },
    {
      "from": [
        0,
        11,
        0
      ],
      "to": [
        15,
        26,
        2
      ],
      "rotation": {
        "angle": 0,
        "axis": "y",
        "origin": [
          0,
          11,
          0
        ]
      },
      "faces": {
        "north": {
          "uv": [
            4,
            0,
            7.75,
            3.75
          ],
          "texture": "#0"
        },
        "east": {
          "uv": [
            7.75,
            1.5,
            8.25,
            5.25
          ],
          "texture": "#0"
        },
        "south": {
          "uv": [
            4,
            3.75,
            7.75,
            7.5
          ],
          "texture": "#0"
        },
        "west": {
          "uv": [
            0,
            8,
            0.5,
            11.75
          ],
          "texture": "#0"
        },
        "up": {
          "uv": [
            11.5,
            5.75,
            7.75,
            5.25
          ],
          "texture": "#0"
        },
        "down": {
          "uv": [
            11.5,
            5.75,
            7.75,
            6.25
          ],
          "texture": "#0"
        }
      }
    }
  ]
}