{
  "format_version": "1.21.6",
  "credit": "Made with Blockbench",
  "elements": [
    {
      "from": [
        1,
        0,
        5
      ],
      "to": [
        3,
        8,
        7
      ],
      "rotation": {
        "angle": 0,
        "axis": "y",
        "origin": [
          1,
          0,
          7
        ]
      },
      "faces": {
        "north": {
          "uv": [
            0,
            8,
            2,
            16
          ],
          "texture": "#0"
        },
        "east": {
          "uv": [
            2,
            8,
            4,
            16
          ],
          "texture": "#0"
        },
        "south": {
          "uv": [
            4,
            8,
            6,
            16
          ],
          "texture": "#0"
        },
        "west": {
          "uv": [
            6,
            8,
            8,
            16
          ],
          "texture": "#0"
        },
        "up": {
          "uv": [
            13,
            6,
            11,
            4
          ],
          "texture": "#0"
        },
        "down": {
          "uv": [
            13,
            6,
            11,
            8
          ],
          "texture": "#0"
        }
      }
    },
    {
      "from": [
        1,
        8,
        5
      ],
      "to": [
        12,
        10,
        7
      ],
      "rotation": {
        "angle": 0,
        "axis": "y",
        "origin": [
          0,
          8,
          5
        ]
      },
      "faces": {
        "north": {
          "uv": [
            0,
            0,
            11,
            2
          ],
          "texture": "#0"
        },
        "east": {
          "uv": [
            8,
            12,
            10,
            14
          ],
          "texture": "#0"
        },
        "south": {
          "uv": [
            0,
            2,
            11,
            4
          ],
          "texture": "#0"
        },
        "west": {
          "uv": [
            12,
            8,
            14,
            10
          ],
          "texture": "#0"
        },
        "up": {
          "uv": [
            11,
            6,
            0,
            4
          ],
          "texture": "#0"
        },
        "down": {
          "uv": [
            11,
            6,
            0,
            8
          ],
          "texture": "#0"
        }
      }
    },
    {
      "from": [
        5,
        6,
        5
      ],
      "to": [
        7,
        8,
        7
      ],
      "rotation": {
        "angle": 0,
        "axis": "y",
        "origin": [
          5,
          6,
          5
        ]
      },
      "faces": {
        "north": {
          "uv": [
            10,
            12,
            12,
            14
          ],
          "texture": "#0"
        },
        "east": {
          "uv": [
            12,
            10,
            14,
            12
          ],
          "texture": "#0"
        },
        "south": {
          "uv": [
            12,
            12,
            14,
            14
          ],
          "texture": "#0"
        },
        "west": {
          "uv": [
            13,
            0,
            15,
            2
          ],
          "texture": "#0"
        },
        "up": {
          "uv": [
            15,
            4,
            13,
            2
          ],
          "texture": "#0"
        },
        "down": {
          "uv": [
            15,
            4,
            13,
            6
          ],
          "texture": "#0"
        }
      }
    },
    {
      "from": [
        3,
        4,
        5
      ],
      "to": [
        5,
        6,
        7
      ],
      "rotation": {
        "angle": 0,
        "axis": "y",
        "origin": [
          3,
          4,
          5
        ]
      },
      "faces": {
        "north": {
          "uv": [
            8,
            8,
            10,
            10
          ],
          "texture": "#0"
        },
        "east": {
          "uv": [
            8,
            10,
            10,
            12
          ],
          "texture": "#0"
        },
        "south": {
          "uv": [
            10,
            8,
            12,
            10
          ],
          "texture": "#0"
        },
        "west": {
          "uv": [
            10,
            10,
            12,
            12
          ],
          "texture": "#0"
        },
        "up": {
          "uv": [
            13,
            2,
            11,
            0
          ],
          "texture": "#0"
        },
        "down": {
          "uv": [
            13,
            2,
            11,
            4
          ],
          "texture": "#0"
        }
      }
    }
  ]
}