{
  "description": {
    "translate": "enchantment.cody.defense"
  },
  "supported_items": [
    "minecraft:shield",
    "minecraft:netherite_helmet",
    "minecraft:netherite_chestplate",
    "minecraft:netherite_leggings",
    "minecraft:netherite_boots"
  ],
  "weight": 10,
  "max_level": 10,
  "min_cost": {
    "base": 1,
    "per_level_above_first": 10
  },
  "max_cost": {
    "base": 6,
    "per_level_above_first": 10
  },
  "anvil_cost": 1,
  "slots": [
    "any"
  ],
  "exclusive_set": []
}