{
  "has_precipitation": true,
  "temperature": 0.5,
  "downfall": 0.5,
  "effects": {
    "mood_sound": {
      "sound": "block.note_block.imitate.creeper",
      "tick_delay": 6000,
      "offset": 8,
      "block_search_extent": 2
    },
    "music": [
      {
        "weight": 1,
        "data": {
          "sound": "block.end_portal.spawn",
          "min_delay": 12000,
          "max_delay": 24000,
          "replace_current_music": true
        }
      }
    ],
    "particle": {
      "options": {
        "type": "dragon_breath"
      },
      "probability": 0.001
    },
    "foliage_color": -52429,
    "grass_color": -10092544,
    "sky_color": -3407872,
    "fog_color": -6750055,
    "water_color": -16764109,
    "water_fog_color": -16724992
  },
  "spawners": {
    "monster": [
      {
        "type": "giant",
        "weight": 20,
        "minCount": 4,
        "maxCount": 4
      }
    ],
    "creature": [],
    "ambient": [],
    "axolotls": [],
    "underground_water_creature": [],
    "water_creature": [],
    "water_ambient": [],
    "misc": []
  },
  "spawn_costs": {},
  "carvers": [],
  "features": [
    [],
    [],
    [],
    [],
    [],
    [],
    [],
    [],
    [],
    [
      "lev_:bloodlands_tree"
    ],
    [
      "minecraft:freeze_top_layer"
    ]
  ]
}