{
  "has_precipitation": true,
  "temperature": 0.5,
  "downfall": 0.5,
  "effects": {
    "foliage_color": 10387789,
    "grass_color": 9470285,
    "sky_color": 7972607,
    "fog_color": 12638463,
    "water_color": 4159204,
    "water_fog_color": 329011
  },
  "spawners": {
    "monster": [
      {
        "type": "tropical_fish",
        "weight": 20,
        "minCount": 4,
        "maxCount": 4
      },
      {
        "type": "acacia_boat",
        "weight": 20,
        "minCount": 4,
        "maxCount": 4
      },
      {
        "type": "acacia_boat",
        "weight": 20,
        "minCount": 4,
        "maxCount": 4
      },
      {
        "type": "john:samus",
        "weight": 20,
        "minCount": 4,
        "maxCount": 4
      },
      {
        "type": "john:ki_blast",
        "weight": 20,
        "minCount": 4,
        "maxCount": 4
      },
      {
        "type": "john:ki_blast",
        "weight": 20,
        "minCount": 4,
        "maxCount": 4
      },
      {
        "type": "john:ki_blast",
        "weight": 20,
        "minCount": 4,
        "maxCount": 4
      },
      {
        "type": "john:ki_blast",
        "weight": 20,
        "minCount": 4,
        "maxCount": 4
      },
      {
        "type": "john:ki_blast",
        "weight": 20,
        "minCount": 4,
        "maxCount": 4
      },
      {
        "type": "john:ki_blast",
        "weight": 20,
        "minCount": 4,
        "maxCount": 4
      },
      {
        "type": "john:ki_blast",
        "weight": 20,
        "minCount": 4,
        "maxCount": 4
      },
      {
        "type": "john:ki_blast",
        "weight": 20,
        "minCount": 4,
        "maxCount": 4
      },
      {
        "type": "john:ki_blast",
        "weight": 20,
        "minCount": 4,
        "maxCount": 4
      },
      {
        "type": "john:ki_blast",
        "weight": 20,
        "minCount": 4,
        "maxCount": 4
      },
      {
        "type": "john:ki_blast",
        "weight": 20,
        "minCount": 4,
        "maxCount": 4
      },
      {
        "type": "john:ki_blast",
        "weight": 20,
        "minCount": 4,
        "maxCount": 4
      },
      {
        "type": "john:ki_blast",
        "weight": 20,
        "minCount": 4,
        "maxCount": 4
      },
      {
        "type": "john:ki_blast",
        "weight": 20,
        "minCount": 4,
        "maxCount": 4
      },
      {
        "type": "john:ki_blast",
        "weight": 20,
        "minCount": 4,
        "maxCount": 4
      },
      {
        "type": "john:ki_blast",
        "weight": 20,
        "minCount": 4,
        "maxCount": 4
      }
    ],
    "creature": [],
    "ambient": [],
    "axolotls": [],
    "underground_water_creature": [],
    "water_creature": [],
    "water_ambient": [],
    "misc": []
  },
  "spawn_costs": {},
  "carvers": [],
  "features": [
    [],
    [],
    [
      "minecraft:iceberg_packed",
      "minecraft:iceberg_blue",
      "minecraft:amethyst_geode",
      "minecraft:large_dripstone",
      "minecraft:forest_rock"
    ],
    [],
    [
      "minecraft:desert_well"
    ],
    [],
    [],
    [],
    [],
    [
      "john:kaaaaaaca_tree",
      "minecraft:forest_flowers",
      "minecraft:patch_large_fern",
      "minecraft:patch_tall_grass",
      "minecraft:patch_grass_taiga_2",
      "minecraft:brown_mushroom_taiga",
      "minecraft:red_mushroom_taiga",
      "minecraft:patch_grass_forest",
      "minecraft:bamboo_light",
      "minecraft:trees_jungle",
      "minecraft:patch_dead_bush_2",
      "minecraft:trees_swamp",
      "minecraft:flower_swamp",
      "minecraft:patch_grass_normal",
      "minecraft:patch_dead_bush",
      "minecraft:patch_waterlily",
      "minecraft:brown_mushroom_swamp",
      "minecraft:red_mushroom_swamp",
      "minecraft:trees_savanna",
      "minecraft:patch_grass_jungle",
      "minecraft:lush_caves_ceiling_vegetation",
      "minecraft:cave_vines",
      "minecraft:lush_caves_clay",
      "minecraft:lush_caves_vegetation",
      "minecraft:rooted_azalea_tree",
      "minecraft:spore_blossom",
      "minecraft:classic_vines_cave_feature",
      "minecraft:patch_grass_plain",
      "minecraft:flower_meadow",
      "minecraft:trees_meadow",
      "minecraft:patch_sugar_cane",
      "minecraft:patch_pumpkin",
      "minecraft:seagrass_deep"
    ],
    [
      "minecraft:freeze_top_layer"
    ]
  ]
}